model,doc_a,doc_b,cosine
nomic-embed-text,개발/API설계.md,개발/README.md,0.767593
nomic-embed-text,개발/API설계.md,개발/그래프설계.md,0.753526
nomic-embed-text,개발/API설계.md,개발/벡터설계.md,0.752593
nomic-embed-text,개발/API설계.md,개발/아키텍처.md,0.809131
nomic-embed-text,개발/API설계.md,개발/테스트전략.md,0.743920
nomic-embed-text,개발/API설계.md,기타/메모.md,0.731093
nomic-embed-text,개발/API설계.md,마케팅/고객설문분석.md,0.739627
nomic-embed-text,개발/API설계.md,마케팅/브랜드가이드.md,0.768172
nomic-embed-text,개발/API설계.md,마케팅/소셜미디어전략.md,0.758824
nomic-embed-text,개발/API설계.md,마케팅/캠페인기획.md,0.762785
nomic-embed-text,개발/API설계.md,마케팅/파트너십제휴.md,0.741400
nomic-embed-text,개발/API설계.md,법무/계약검토메모.md,0.719094
nomic-embed-text,개발/API설계.md,인사/복지제도.md,0.732317
nomic-embed-text,개발/API설계.md,인사/온보딩.md,0.755535
nomic-embed-text,개발/API설계.md,인사/조직개편.md,0.751480
nomic-embed-text,개발/API설계.md,인사/채용계획.md,0.719706
nomic-embed-text,개발/API설계.md,인사/평가제도.md,0.752222
nomic-embed-text,개발/API설계.md,재무/감사대응.md,0.743019
nomic-embed-text,개발/API설계.md,재무/예산계획.md,0.733223
nomic-embed-text,개발/API설계.md,재무/원가분석.md,0.745866
nomic-embed-text,개발/API설계.md,재무/지출보고.md,0.742803
nomic-embed-text,개발/API설계.md,재무/투자계획.md,0.747515
nomic-embed-text,개발/API설계.md,재무/회계정책.md,0.750895
nomic-embed-text,개발/README.md,개발/그래프설계.md,0.887061
nomic-embed-text,개발/README.md,개발/벡터설계.md,0.817816
nomic-embed-text,개발/README.md,개발/아키텍처.md,0.833509
nomic-embed-text,개발/README.md,개발/테스트전략.md,0.837368
nomic-embed-text,개발/README.md,기타/메모.md,0.860055
nomic-embed-text,개발/README.md,마케팅/고객설문분석.md,0.885900
nomic-embed-text,개발/README.md,마케팅/브랜드가이드.md,0.913999
nomic-embed-text,개발/README.md,마케팅/소셜미디어전략.md,0.906826
nomic-embed-text,개발/README.md,마케팅/캠페인기획.md,0.863154
nomic-embed-text,개발/README.md,마케팅/파트너십제휴.md,0.900474
nomic-embed-text,개발/README.md,법무/계약검토메모.md,0.867204
nomic-embed-text,개발/README.md,인사/복지제도.md,0.827340
nomic-embed-text,개발/README.md,인사/온보딩.md,0.891999
nomic-embed-text,개발/README.md,인사/조직개편.md,0.820968
nomic-embed-text,개발/README.md,인사/채용계획.md,0.789591
nomic-embed-text,개발/README.md,인사/평가제도.md,0.830466
nomic-embed-text,개발/README.md,재무/감사대응.md,0.855532
nomic-embed-text,개발/README.md,재무/예산계획.md,0.814324
nomic-embed-text,개발/README.md,재무/원가분석.md,0.867292
nomic-embed-text,개발/README.md,재무/지출보고.md,0.845295
nomic-embed-text,개발/README.md,재무/투자계획.md,0.811268
nomic-embed-text,개발/README.md,재무/회계정책.md,0.861401
nomic-embed-text,개발/그래프설계.md,개발/벡터설계.md,0.838199
nomic-embed-text,개발/그래프설계.md,개발/아키텍처.md,0.817351
nomic-embed-text,개발/그래프설계.md,개발/테스트전략.md,0.827413
nomic-embed-text,개발/그래프설계.md,기타/메모.md,0.831500
nomic-embed-text,개발/그래프설계.md,마케팅/고객설문분석.md,0.839469
nomic-embed-text,개발/그래프설계.md,마케팅/브랜드가이드.md,0.880002
nomic-embed-text,개발/그래프설계.md,마케팅/소셜미디어전략.md,0.872289
nomic-embed-text,개발/그래프설계.md,마케팅/캠페인기획.md,0.834033
nomic-embed-text,개발/그래프설계.md,마케팅/파트너십제휴.md,0.882795
nomic-embed-text,개발/그래프설계.md,법무/계약검토메모.md,0.840766
nomic-embed-text,개발/그래프설계.md,인사/복지제도.md,0.795433
nomic-embed-text,개발/그래프설계.md,인사/온보딩.md,0.865232
nomic-embed-text,개발/그래프설계.md,인사/조직개편.md,0.799244
nomic-embed-text,개발/그래프설계.md,인사/채용계획.md,0.763741
nomic-embed-text,개발/그래프설계.md,인사/평가제도.md,0.795638
nomic-embed-text,개발/그래프설계.md,재무/감사대응.md,0.819569
nomic-embed-text,개발/그래프설계.md,재무/예산계획.md,0.782826
nomic-embed-text,개발/그래프설계.md,재무/원가분석.md,0.831710
nomic-embed-text,개발/그래프설계.md,재무/지출보고.md,0.803502
nomic-embed-text,개발/그래프설계.md,재무/투자계획.md,0.777489
nomic-embed-text,개발/그래프설계.md,재무/회계정책.md,0.821786
nomic-embed-text,개발/벡터설계.md,개발/아키텍처.md,0.825290
nomic-embed-text,개발/벡터설계.md,개발/테스트전략.md,0.785443
nomic-embed-text,개발/벡터설계.md,기타/메모.md,0.809248
nomic-embed-text,개발/벡터설계.md,마케팅/고객설문분석.md,0.779684
nomic-embed-text,개발/벡터설계.md,마케팅/브랜드가이드.md,0.834980
nomic-embed-text,개발/벡터설계.md,마케팅/소셜미디어전략.md,0.808961
nomic-embed-text,개발/벡터설계.md,마케팅/캠페인기획.md,0.793318
nomic-embed-text,개발/벡터설계.md,마케팅/파트너십제휴.md,0.808169
nomic-embed-text,개발/벡터설계.md,법무/계약검토메모.md,0.811551
nomic-embed-text,개발/벡터설계.md,인사/복지제도.md,0.788760
nomic-embed-text,개발/벡터설계.md,인사/온보딩.md,0.839855
nomic-embed-text,개발/벡터설계.md,인사/조직개편.md,0.769281
nomic-embed-text,개발/벡터설계.md,인사/채용계획.md,0.780392
nomic-embed-text,개발/벡터설계.md,인사/평가제도.md,0.792169
nomic-embed-text,개발/벡터설계.md,재무/감사대응.md,0.789474
nomic-embed-text,개발/벡터설계.md,재무/예산계획.md,0.777128
nomic-embed-text,개발/벡터설계.md,재무/원가분석.md,0.788506
nomic-embed-text,개발/벡터설계.md,재무/지출보고.md,0.745867
nomic-embed-text,개발/벡터설계.md,재무/투자계획.md,0.737415
nomic-embed-text,개발/벡터설계.md,재무/회계정책.md,0.774554
nomic-embed-text,개발/아키텍처.md,개발/테스트전략.md,0.772662
nomic-embed-text,개발/아키텍처.md,기타/메모.md,0.823299
nomic-embed-text,개발/아키텍처.md,마케팅/고객설문분석.md,0.802768
nomic-embed-text,개발/아키텍처.md,마케팅/브랜드가이드.md,0.835734
nomic-embed-text,개발/아키텍처.md,마케팅/소셜미디어전략.md,0.842932
nomic-embed-text,개발/아키텍처.md,마케팅/캠페인기획.md,0.808473
nomic-embed-text,개발/아키텍처.md,마케팅/파트너십제휴.md,0.827783
nomic-embed-text,개발/아키텍처.md,법무/계약검토메모.md,0.795195
nomic-embed-text,개발/아키텍처.md,인사/복지제도.md,0.772803
nomic-embed-text,개발/아키텍처.md,인사/온보딩.md,0.844055
nomic-embed-text,개발/아키텍처.md,인사/조직개편.md,0.776623
nomic-embed-text,개발/아키텍처.md,인사/채용계획.md,0.752874
nomic-embed-text,개발/아키텍처.md,인사/평가제도.md,0.772072
nomic-embed-text,개발/아키텍처.md,재무/감사대응.md,0.780449
nomic-embed-text,개발/아키텍처.md,재무/예산계획.md,0.757739
nomic-embed-text,개발/아키텍처.md,재무/원가분석.md,0.801327
nomic-embed-text,개발/아키텍처.md,재무/지출보고.md,0.758351
nomic-embed-text,개발/아키텍처.md,재무/투자계획.md,0.762446
nomic-embed-text,개발/아키텍처.md,재무/회계정책.md,0.794693
nomic-embed-text,개발/테스트전략.md,기타/메모.md,0.808940
nomic-embed-text,개발/테스트전략.md,마케팅/고객설문분석.md,0.790096
nomic-embed-text,개발/테스트전략.md,마케팅/브랜드가이드.md,0.815220
nomic-embed-text,개발/테스트전략.md,마케팅/소셜미디어전략.md,0.812269
nomic-embed-text,개발/테스트전략.md,마케팅/캠페인기획.md,0.791570
nomic-embed-text,개발/테스트전략.md,마케팅/파트너십제휴.md,0.832408
nomic-embed-text,개발/테스트전략.md,법무/계약검토메모.md,0.792812
nomic-embed-text,개발/테스트전략.md,인사/복지제도.md,0.757368
nomic-embed-text,개발/테스트전략.md,인사/온보딩.md,0.805182
nomic-embed-text,개발/테스트전략.md,인사/조직개편.md,0.751117
nomic-embed-text,개발/테스트전략.md,인사/채용계획.md,0.723501
nomic-embed-text,개발/테스트전략.md,인사/평가제도.md,0.740356
nomic-embed-text,개발/테스트전략.md,재무/감사대응.md,0.764599
nomic-embed-text,개발/테스트전략.md,재무/예산계획.md,0.744274
nomic-embed-text,개발/테스트전략.md,재무/원가분석.md,0.774933
nomic-embed-text,개발/테스트전략.md,재무/지출보고.md,0.749309
nomic-embed-text,개발/테스트전략.md,재무/투자계획.md,0.754210
nomic-embed-text,개발/테스트전략.md,재무/회계정책.md,0.781359
nomic-embed-text,기타/메모.md,마케팅/고객설문분석.md,0.842890
nomic-embed-text,기타/메모.md,마케팅/브랜드가이드.md,0.881377
nomic-embed-text,기타/메모.md,마케팅/소셜미디어전략.md,0.889899
nomic-embed-text,기타/메모.md,마케팅/캠페인기획.md,0.876877
nomic-embed-text,기타/메모.md,마케팅/파트너십제휴.md,0.892767
nomic-embed-text,기타/메모.md,법무/계약검토메모.md,0.892204
nomic-embed-text,기타/메모.md,인사/복지제도.md,0.848926
nomic-embed-text,기타/메모.md,인사/온보딩.md,0.878240
nomic-embed-text,기타/메모.md,인사/조직개편.md,0.849440
nomic-embed-text,기타/메모.md,인사/채용계획.md,0.825584
nomic-embed-text,기타/메모.md,인사/평가제도.md,0.849622
nomic-embed-text,기타/메모.md,재무/감사대응.md,0.841478
nomic-embed-text,기타/메모.md,재무/예산계획.md,0.810024
nomic-embed-text,기타/메모.md,재무/원가분석.md,0.850052
nomic-embed-text,기타/메모.md,재무/지출보고.md,0.815610
nomic-embed-text,기타/메모.md,재무/투자계획.md,0.779235
nomic-embed-text,기타/메모.md,재무/회계정책.md,0.834877
nomic-embed-text,마케팅/고객설문분석.md,마케팅/브랜드가이드.md,0.875334
nomic-embed-text,마케팅/고객설문분석.md,마케팅/소셜미디어전략.md,0.899854
nomic-embed-text,마케팅/고객설문분석.md,마케팅/캠페인기획.md,0.886814
nomic-embed-text,마케팅/고객설문분석.md,마케팅/파트너십제휴.md,0.892437
nomic-embed-text,마케팅/고객설문분석.md,법무/계약검토메모.md,0.858947
nomic-embed-text,마케팅/고객설문분석.md,인사/복지제도.md,0.820061
nomic-embed-text,마케팅/고객설문분석.md,인사/온보딩.md,0.870791
nomic-embed-text,마케팅/고객설문분석.md,인사/조직개편.md,0.834158
nomic-embed-text,마케팅/고객설문분석.md,인사/채용계획.md,0.799882
nomic-embed-text,마케팅/고객설문분석.md,인사/평가제도.md,0.839807
nomic-embed-text,마케팅/고객설문분석.md,재무/감사대응.md,0.881144
nomic-embed-text,마케팅/고객설문분석.md,재무/예산계획.md,0.846665
nomic-embed-text,마케팅/고객설문분석.md,재무/원가분석.md,0.895245
nomic-embed-text,마케팅/고객설문분석.md,재무/지출보고.md,0.886501
nomic-embed-text,마케팅/고객설문분석.md,재무/투자계획.md,0.838506
nomic-embed-text,마케팅/고객설문분석.md,재무/회계정책.md,0.869961
nomic-embed-text,마케팅/브랜드가이드.md,마케팅/소셜미디어전략.md,0.924060
nomic-embed-text,마케팅/브랜드가이드.md,마케팅/캠페인기획.md,0.875280
nomic-embed-text,마케팅/브랜드가이드.md,마케팅/파트너십제휴.md,0.919125
nomic-embed-text,마케팅/브랜드가이드.md,법무/계약검토메모.md,0.902257
nomic-embed-text,마케팅/브랜드가이드.md,인사/복지제도.md,0.854258
nomic-embed-text,마케팅/브랜드가이드.md,인사/온보딩.md,0.923349
nomic-embed-text,마케팅/브랜드가이드.md,인사/조직개편.md,0.834074
nomic-embed-text,마케팅/브랜드가이드.md,인사/채용계획.md,0.829703
nomic-embed-text,마케팅/브랜드가이드.md,인사/평가제도.md,0.850149
nomic-embed-text,마케팅/브랜드가이드.md,재무/감사대응.md,0.872222
nomic-embed-text,마케팅/브랜드가이드.md,재무/예산계획.md,0.832097
nomic-embed-text,마케팅/브랜드가이드.md,재무/원가분석.md,0.888343
nomic-embed-text,마케팅/브랜드가이드.md,재무/지출보고.md,0.850869
nomic-embed-text,마케팅/브랜드가이드.md,재무/투자계획.md,0.829276
nomic-embed-text,마케팅/브랜드가이드.md,재무/회계정책.md,0.883423
nomic-embed-text,마케팅/소셜미디어전략.md,마케팅/캠페인기획.md,0.915639
nomic-embed-text,마케팅/소셜미디어전략.md,마케팅/파트너십제휴.md,0.948512
nomic-embed-text,마케팅/소셜미디어전략.md,법무/계약검토메모.md,0.863179
nomic-embed-text,마케팅/소셜미디어전략.md,인사/복지제도.md,0.837910
nomic-embed-text,마케팅/소셜미디어전략.md,인사/온보딩.md,0.907915
nomic-embed-text,마케팅/소셜미디어전략.md,인사/조직개편.md,0.863706
nomic-embed-text,마케팅/소셜미디어전략.md,인사/채용계획.md,0.807238
nomic-embed-text,마케팅/소셜미디어전략.md,인사/평가제도.md,0.843030
nomic-embed-text,마케팅/소셜미디어전략.md,재무/감사대응.md,0.864276
nomic-embed-text,마케팅/소셜미디어전략.md,재무/예산계획.md,0.827239
nomic-embed-text,마케팅/소셜미디어전략.md,재무/원가분석.md,0.893092
nomic-embed-text,마케팅/소셜미디어전략.md,재무/지출보고.md,0.863133
nomic-embed-text,마케팅/소셜미디어전략.md,재무/투자계획.md,0.838118
nomic-embed-text,마케팅/소셜미디어전략.md,재무/회계정책.md,0.872909
nomic-embed-text,마케팅/캠페인기획.md,마케팅/파트너십제휴.md,0.898177
nomic-embed-text,마케팅/캠페인기획.md,법무/계약검토메모.md,0.848997
nomic-embed-text,마케팅/캠페인기획.md,인사/복지제도.md,0.929379
nomic-embed-text,마케팅/캠페인기획.md,인사/온보딩.md,0.873975
nomic-embed-text,마케팅/캠페인기획.md,인사/조직개편.md,0.955084
nomic-embed-text,마케팅/캠페인기획.md,인사/채용계획.md,0.901322
nomic-embed-text,마케팅/캠페인기획.md,인사/평가제도.md,0.935698
nomic-embed-text,마케팅/캠페인기획.md,재무/감사대응.md,0.927500
nomic-embed-text,마케팅/캠페인기획.md,재무/예산계획.md,0.917361
nomic-embed-text,마케팅/캠페인기획.md,재무/원가분석.md,0.950334
nomic-embed-text,마케팅/캠페인기획.md,재무/지출보고.md,0.928902
nomic-embed-text,마케팅/캠페인기획.md,재무/투자계획.md,0.889079
nomic-embed-text,마케팅/캠페인기획.md,재무/회계정책.md,0.852472
nomic-embed-text,마케팅/파트너십제휴.md,법무/계약검토메모.md,0.900565
nomic-embed-text,마케팅/파트너십제휴.md,인사/복지제도.md,0.826470
nomic-embed-text,마케팅/파트너십제휴.md,인사/온보딩.md,0.899263
nomic-embed-text,마케팅/파트너십제휴.md,인사/조직개편.md,0.840509
nomic-embed-text,마케팅/파트너십제휴.md,인사/채용계획.md,0.806182
nomic-embed-text,마케팅/파트너십제휴.md,인사/평가제도.md,0.836456
nomic-embed-text,마케팅/파트너십제휴.md,재무/감사대응.md,0.883228
nomic-embed-text,마케팅/파트너십제휴.md,재무/예산계획.md,0.825037
nomic-embed-text,마케팅/파트너십제휴.md,재무/원가분석.md,0.880138
nomic-embed-text,마케팅/파트너십제휴.md,재무/지출보고.md,0.847229
nomic-embed-text,마케팅/파트너십제휴.md,재무/투자계획.md,0.835109
nomic-embed-text,마케팅/파트너십제휴.md,재무/회계정책.md,0.863326
nomic-embed-text,법무/계약검토메모.md,인사/복지제도.md,0.848028
nomic-embed-text,법무/계약검토메모.md,인사/온보딩.md,0.903685
nomic-embed-text,법무/계약검토메모.md,인사/조직개편.md,0.823700
nomic-embed-text,법무/계약검토메모.md,인사/채용계획.md,0.818514
nomic-embed-text,법무/계약검토메모.md,인사/평가제도.md,0.845435
nomic-embed-text,법무/계약검토메모.md,재무/감사대응.md,0.854187
nomic-embed-text,법무/계약검토메모.md,재무/예산계획.md,0.823179
nomic-embed-text,법무/계약검토메모.md,재무/원가분석.md,0.856384
nomic-embed-text,법무/계약검토메모.md,재무/지출보고.md,0.811099
nomic-embed-text,법무/계약검토메모.md,재무/투자계획.md,0.789035
nomic-embed-text,법무/계약검토메모.md,재무/회계정책.md,0.848946
nomic-embed-text,인사/복지제도.md,인사/온보딩.md,0.868583
nomic-embed-text,인사/복지제도.md,인사/조직개편.md,0.939506
nomic-embed-text,인사/복지제도.md,인사/채용계획.md,0.941943
nomic-embed-text,인사/복지제도.md,인사/평가제도.md,0.952051
nomic-embed-text,인사/복지제도.md,재무/감사대응.md,0.911381
nomic-embed-text,인사/복지제도.md,재무/예산계획.md,0.931882
nomic-embed-text,인사/복지제도.md,재무/원가분석.md,0.924524
nomic-embed-text,인사/복지제도.md,재무/지출보고.md,0.912747
nomic-embed-text,인사/복지제도.md,재무/투자계획.md,0.869164
nomic-embed-text,인사/복지제도.md,재무/회계정책.md,0.882673
nomic-embed-text,인사/온보딩.md,인사/조직개편.md,0.846728
nomic-embed-text,인사/온보딩.md,인사/채용계획.md,0.852736
nomic-embed-text,인사/온보딩.md,인사/평가제도.md,0.871502
nomic-embed-text,인사/온보딩.md,재무/감사대응.md,0.856399
nomic-embed-text,인사/온보딩.md,재무/예산계획.md,0.828376
nomic-embed-text,인사/온보딩.md,재무/원가분석.md,0.867489
nomic-embed-text,인사/온보딩.md,재무/지출보고.md,0.832988
nomic-embed-text,인사/온보딩.md,재무/투자계획.md,0.811242
nomic-embed-text,인사/온보딩.md,재무/회계정책.md,0.894133
nomic-embed-text,인사/조직개편.md,인사/채용계획.md,0.917992
nomic-embed-text,인사/조직개편.md,인사/평가제도.md,0.950304
nomic-embed-text,인사/조직개편.md,재무/감사대응.md,0.906534
nomic-embed-text,인사/조직개편.md,재무/예산계획.md,0.919018
nomic-embed-text,인사/조직개편.md,재무/원가분석.md,0.922892
nomic-embed-text,인사/조직개편.md,재무/지출보고.md,0.913052
nomic-embed-text,인사/조직개편.md,재무/투자계획.md,0.882912
nomic-embed-text,인사/조직개편.md,재무/회계정책.md,0.833110
nomic-embed-text,인사/채용계획.md,인사/평가제도.md,0.944022
nomic-embed-text,인사/채용계획.md,재무/감사대응.md,0.912717
nomic-embed-text,인사/채용계획.md,재무/예산계획.md,0.946226
nomic-embed-text,인사/채용계획.md,재무/원가분석.md,0.889218
nomic-embed-text,인사/채용계획.md,재무/지출보고.md,0.888442
nomic-embed-text,인사/채용계획.md,재무/투자계획.md,0.857949
nomic-embed-text,인사/채용계획.md,재무/회계정책.md,0.831326
nomic-embed-text,인사/평가제도.md,재무/감사대응.md,0.914654
nomic-embed-text,인사/평가제도.md,재무/예산계획.md,0.934386
nomic-embed-text,인사/평가제도.md,재무/원가분석.md,0.910929
nomic-embed-text,인사/평가제도.md,재무/지출보고.md,0.900615
nomic-embed-text,인사/평가제도.md,재무/투자계획.md,0.865534
nomic-embed-text,인사/평가제도.md,재무/회계정책.md,0.848618
nomic-embed-text,재무/감사대응.md,재무/예산계획.md,0.946295
nomic-embed-text,재무/감사대응.md,재무/원가분석.md,0.944267
nomic-embed-text,재무/감사대응.md,재무/지출보고.md,0.940952
nomic-embed-text,재무/감사대응.md,재무/투자계획.md,0.876404
nomic-embed-text,재무/감사대응.md,재무/회계정책.md,0.857608
nomic-embed-text,재무/예산계획.md,재무/원가분석.md,0.934834
nomic-embed-text,재무/예산계획.md,재무/지출보고.md,0.937322
nomic-embed-text,재무/예산계획.md,재무/투자계획.md,0.872884
nomic-embed-text,재무/예산계획.md,재무/회계정책.md,0.844034
nomic-embed-text,재무/원가분석.md,재무/지출보고.md,0.967612
nomic-embed-text,재무/원가분석.md,재무/투자계획.md,0.877063
nomic-embed-text,재무/원가분석.md,재무/회계정책.md,0.869255
nomic-embed-text,재무/지출보고.md,재무/투자계획.md,0.883366
nomic-embed-text,재무/지출보고.md,재무/회계정책.md,0.852970
nomic-embed-text,재무/투자계획.md,재무/회계정책.md,0.813152
bge-m3,개발/API설계.md,개발/README.md,0.520351
bge-m3,개발/API설계.md,개발/그래프설계.md,0.520853
bge-m3,개발/API설계.md,개발/벡터설계.md,0.556645
bge-m3,개발/API설계.md,개발/아키텍처.md,0.789220
bge-m3,개발/API설계.md,개발/테스트전략.md,0.573086
bge-m3,개발/API설계.md,기타/메모.md,0.384197
bge-m3,개발/API설계.md,마케팅/고객설문분석.md,0.385119
bge-m3,개발/API설계.md,마케팅/브랜드가이드.md,0.461929
bge-m3,개발/API설계.md,마케팅/소셜미디어전략.md,0.449664
bge-m3,개발/API설계.md,마케팅/캠페인기획.md,0.388438
bge-m3,개발/API설계.md,마케팅/파트너십제휴.md,0.418550
bge-m3,개발/API설계.md,법무/계약검토메모.md,0.382245
bge-m3,개발/API설계.md,인사/복지제도.md,0.396784
bge-m3,개발/API설계.md,인사/온보딩.md,0.469648
bge-m3,개발/API설계.md,인사/조직개편.md,0.524125
bge-m3,개발/API설계.md,인사/채용계획.md,0.423534
bge-m3,개발/API설계.md,인사/평가제도.md,0.388943
bge-m3,개발/API설계.md,재무/감사대응.md,0.432857
bge-m3,개발/API설계.md,재무/예산계획.md,0.400226
bge-m3,개발/API설계.md,재무/원가분석.md,0.403160
bge-m3,개발/API설계.md,재무/지출보고.md,0.411703
bge-m3,개발/API설계.md,재무/투자계획.md,0.506434
bge-m3,개발/API설계.md,재무/회계정책.md,0.465293
bge-m3,개발/README.md,개발/그래프설계.md,0.626379
bge-m3,개발/README.md,개발/벡터설계.md,0.623494
bge-m3,개발/README.md,개발/아키텍처.md,0.587963
bge-m3,개발/README.md,개발/테스트전략.md,0.601700
bge-m3,개발/README.md,기타/메모.md,0.429286
bge-m3,개발/README.md,마케팅/고객설문분석.md,0.468030
bge-m3,개발/README.md,마케팅/브랜드가이드.md,0.494090
bge-m3,개발/README.md,마케팅/소셜미디어전략.md,0.508677
bge-m3,개발/README.md,마케팅/캠페인기획.md,0.457614
bge-m3,개발/README.md,마케팅/파트너십제휴.md,0.478303
bge-m3,개발/README.md,법무/계약검토메모.md,0.460380
bge-m3,개발/README.md,인사/복지제도.md,0.433178
bge-m3,개발/README.md,인사/온보딩.md,0.580585
bge-m3,개발/README.md,인사/조직개편.md,0.585036
bge-m3,개발/README.md,인사/채용계획.md,0.486181
bge-m3,개발/README.md,인사/평가제도.md,0.470118
bge-m3,개발/README.md,재무/감사대응.md,0.491842
bge-m3,개발/README.md,재무/예산계획.md,0.471568
bge-m3,개발/README.md,재무/원가분석.md,0.481839
bge-m3,개발/README.md,재무/지출보고.md,0.541470
bge-m3,개발/README.md,재무/투자계획.md,0.437938
bge-m3,개발/README.md,재무/회계정책.md,0.509913
bge-m3,개발/그래프설계.md,개발/벡터설계.md,0.665774
bge-m3,개발/그래프설계.md,개발/아키텍처.md,0.627396
bge-m3,개발/그래프설계.md,개발/테스트전략.md,0.571552
bge-m3,개발/그래프설계.md,기타/메모.md,0.371882
bge-m3,개발/그래프설계.md,마케팅/고객설문분석.md,0.443535
bge-m3,개발/그래프설계.md,마케팅/브랜드가이드.md,0.511043
bge-m3,개발/그래프설계.md,마케팅/소셜미디어전략.md,0.495742
bge-m3,개발/그래프설계.md,마케팅/캠페인기획.md,0.404450
bge-m3,개발/그래프설계.md,마케팅/파트너십제휴.md,0.457781
bge-m3,개발/그래프설계.md,법무/계약검토메모.md,0.423735
bge-m3,개발/그래프설계.md,인사/복지제도.md,0.377305
bge-m3,개발/그래프설계.md,인사/온보딩.md,0.438337
bge-m3,개발/그래프설계.md,인사/조직개편.md,0.475109
bge-m3,개발/그래프설계.md,인사/채용계획.md,0.425949
bge-m3,개발/그래프설계.md,인사/평가제도.md,0.419996
bge-m3,개발/그래프설계.md,재무/감사대응.md,0.433460
bge-m3,개발/그래프설계.md,재무/예산계획.md,0.413574
bge-m3,개발/그래프설계.md,재무/원가분석.md,0.462045
bge-m3,개발/그래프설계.md,재무/지출보고.md,0.437415
bge-m3,개발/그래프설계.md,재무/투자계획.md,0.448803
bge-m3,개발/그래프설계.md,재무/회계정책.md,0.455423
bge-m3,개발/벡터설계.md,개발/아키텍처.md,0.638515
bge-m3,개발/벡터설계.md,개발/테스트전략.md,0.589855
bge-m3,개발/벡터설계.md,기타/메모.md,0.354076
bge-m3,개발/벡터설계.md,마케팅/고객설문분석.md,0.418852
bge-m3,개발/벡터설계.md,마케팅/브랜드가이드.md,0.432836
bge-m3,개발/벡터설계.md,마케팅/소셜미디어전략.md,0.460630
bge-m3,개발/벡터설계.md,마케팅/캠페인기획.md,0.415213
bge-m3,개발/벡터설계.md,마케팅/파트너십제휴.md,0.448112
bge-m3,개발/벡터설계.md,법무/계약검토메모.md,0.396980
bge-m3,개발/벡터설계.md,인사/복지제도.md,0.388751
bge-m3,개발/벡터설계.md,인사/온보딩.md,0.448576
bge-m3,개발/벡터설계.md,인사/조직개편.md,0.475064
bge-m3,개발/벡터설계.md,인사/채용계획.md,0.431797
bge-m3,개발/벡터설계.md,인사/평가제도.md,0.411389
bge-m3,개발/벡터설계.md,재무/감사대응.md,0.428826
bge-m3,개발/벡터설계.md,재무/예산계획.md,0.456518
bge-m3,개발/벡터설계.md,재무/원가분석.md,0.435811
bge-m3,개발/벡터설계.md,재무/지출보고.md,0.449056
bge-m3,개발/벡터설계.md,재무/투자계획.md,0.401044
bge-m3,개발/벡터설계.md,재무/회계정책.md,0.456094
bge-m3,개발/아키텍처.md,개발/테스트전략.md,0.601707
bge-m3,개발/아키텍처.md,기타/메모.md,0.401746
bge-m3,개발/아키텍처.md,마케팅/고객설문분석.md,0.354069
bge-m3,개발/아키텍처.md,마케팅/브랜드가이드.md,0.493240
bge-m3,개발/아키텍처.md,마케팅/소셜미디어전략.md,0.456630
bge-m3,개발/아키텍처.md,마케팅/캠페인기획.md,0.369719
bge-m3,개발/아키텍처.md,마케팅/파트너십제휴.md,0.398972
bge-m3,개발/아키텍처.md,법무/계약검토메모.md,0.393086
bge-m3,개발/아키텍처.md,인사/복지제도.md,0.383558
bge-m3,개발/아키텍처.md,인사/온보딩.md,0.489083
bge-m3,개발/아키텍처.md,인사/조직개편.md,0.541728
bge-m3,개발/아키텍처.md,인사/채용계획.md,0.430383
bge-m3,개발/아키텍처.md,인사/평가제도.md,0.417435
bge-m3,개발/아키텍처.md,재무/감사대응.md,0.400970
bge-m3,개발/아키텍처.md,재무/예산계획.md,0.406390
bge-m3,개발/아키텍처.md,재무/원가분석.md,0.408907
bge-m3,개발/아키텍처.md,재무/지출보고.md,0.420244
bge-m3,개발/아키텍처.md,재무/투자계획.md,0.425621
bge-m3,개발/아키텍처.md,재무/회계정책.md,0.501484
bge-m3,개발/테스트전략.md,기타/메모.md,0.382445
bge-m3,개발/테스트전략.md,마케팅/고객설문분석.md,0.472491
bge-m3,개발/테스트전략.md,마케팅/브랜드가이드.md,0.507521
bge-m3,개발/테스트전략.md,마케팅/소셜미디어전략.md,0.522692
bge-m3,개발/테스트전략.md,마케팅/캠페인기획.md,0.429930
bge-m3,개발/테스트전략.md,마케팅/파트너십제휴.md,0.410571
bge-m3,개발/테스트전략.md,법무/계약검토메모.md,0.476400
bge-m3,개발/테스트전략.md,인사/복지제도.md,0.403553
bge-m3,개발/테스트전략.md,인사/온보딩.md,0.480450
bge-m3,개발/테스트전략.md,인사/조직개편.md,0.476787
bge-m3,개발/테스트전략.md,인사/채용계획.md,0.449691
bge-m3,개발/테스트전략.md,인사/평가제도.md,0.443348
bge-m3,개발/테스트전략.md,재무/감사대응.md,0.480246
bge-m3,개발/테스트전략.md,재무/예산계획.md,0.390027
bge-m3,개발/테스트전략.md,재무/원가분석.md,0.422248
bge-m3,개발/테스트전략.md,재무/지출보고.md,0.431948
bge-m3,개발/테스트전략.md,재무/투자계획.md,0.429529
bge-m3,개발/테스트전략.md,재무/회계정책.md,0.470565
bge-m3,기타/메모.md,마케팅/고객설문분석.md,0.473681
bge-m3,기타/메모.md,마케팅/브랜드가이드.md,0.469897
bge-m3,기타/메모.md,마케팅/소셜미디어전략.md,0.446388
bge-m3,기타/메모.md,마케팅/캠페인기획.md,0.450870
bge-m3,기타/메모.md,마케팅/파트너십제휴.md,0.450558
bge-m3,기타/메모.md,법무/계약검토메모.md,0.443191
bge-m3,기타/메모.md,인사/복지제도.md,0.468340
bge-m3,기타/메모.md,인사/온보딩.md,0.480443
bge-m3,기타/메모.md,인사/조직개편.md,0.436958
bge-m3,기타/메모.md,인사/채용계획.md,0.466019
bge-m3,기타/메모.md,인사/평가제도.md,0.475604
bge-m3,기타/메모.md,재무/감사대응.md,0.529067
bge-m3,기타/메모.md,재무/예산계획.md,0.473132
bge-m3,기타/메모.md,재무/원가분석.md,0.433768
bge-m3,기타/메모.md,재무/지출보고.md,0.461441
bge-m3,기타/메모.md,재무/투자계획.md,0.460789
bge-m3,기타/메모.md,재무/회계정책.md,0.547264
bge-m3,마케팅/고객설문분석.md,마케팅/브랜드가이드.md,0.518173
bge-m3,마케팅/고객설문분석.md,마케팅/소셜미디어전략.md,0.660513
bge-m3,마케팅/고객설문분석.md,마케팅/캠페인기획.md,0.657231
bge-m3,마케팅/고객설문분석.md,마케팅/파트너십제휴.md,0.586765
bge-m3,마케팅/고객설문분석.md,법무/계약검토메모.md,0.462167
bge-m3,마케팅/고객설문분석.md,인사/복지제도.md,0.483046
bge-m3,마케팅/고객설문분석.md,인사/온보딩.md,0.468233
bge-m3,마케팅/고객설문분석.md,인사/조직개편.md,0.447374
bge-m3,마케팅/고객설문분석.md,인사/채용계획.md,0.493003
bge-m3,마케팅/고객설문분석.md,인사/평가제도.md,0.493093
bge-m3,마케팅/고객설문분석.md,재무/감사대응.md,0.545912
bge-m3,마케팅/고객설문분석.md,재무/예산계획.md,0.512072
bge-m3,마케팅/고객설문분석.md,재무/원가분석.md,0.488187
bge-m3,마케팅/고객설문분석.md,재무/지출보고.md,0.573235
bge-m3,마케팅/고객설문분석.md,재무/투자계획.md,0.470787
bge-m3,마케팅/고객설문분석.md,재무/회계정책.md,0.471012
bge-m3,마케팅/브랜드가이드.md,마케팅/소셜미디어전략.md,0.649490
bge-m3,마케팅/브랜드가이드.md,마케팅/캠페인기획.md,0.562582
bge-m3,마케팅/브랜드가이드.md,마케팅/파트너십제휴.md,0.613532
bge-m3,마케팅/브랜드가이드.md,법무/계약검토메모.md,0.518314
bge-m3,마케팅/브랜드가이드.md,인사/복지제도.md,0.432232
bge-m3,마케팅/브랜드가이드.md,인사/온보딩.md,0.485124
bge-m3,마케팅/브랜드가이드.md,인사/조직개편.md,0.451143
bge-m3,마케팅/브랜드가이드.md,인사/채용계획.md,0.422117
bge-m3,마케팅/브랜드가이드.md,인사/평가제도.md,0.463956
bge-m3,마케팅/브랜드가이드.md,재무/감사대응.md,0.481029
bge-m3,마케팅/브랜드가이드.md,재무/예산계획.md,0.434963
bge-m3,마케팅/브랜드가이드.md,재무/원가분석.md,0.417028
bge-m3,마케팅/브랜드가이드.md,재무/지출보고.md,0.464417
bge-m3,마케팅/브랜드가이드.md,재무/투자계획.md,0.414078
bge-m3,마케팅/브랜드가이드.md,재무/회계정책.md,0.585284
bge-m3,마케팅/소셜미디어전략.md,마케팅/캠페인기획.md,0.699184
bge-m3,마케팅/소셜미디어전략.md,마케팅/파트너십제휴.md,0.690121
bge-m3,마케팅/소셜미디어전략.md,법무/계약검토메모.md,0.425236
bge-m3,마케팅/소셜미디어전략.md,인사/복지제도.md,0.475995
bge-m3,마케팅/소셜미디어전략.md,인사/온보딩.md,0.509231
bge-m3,마케팅/소셜미디어전략.md,인사/조직개편.md,0.470410
bge-m3,마케팅/소셜미디어전략.md,인사/채용계획.md,0.469028
bge-m3,마케팅/소셜미디어전략.md,인사/평가제도.md,0.460547
bge-m3,마케팅/소셜미디어전략.md,재무/감사대응.md,0.495702
bge-m3,마케팅/소셜미디어전략.md,재무/예산계획.md,0.497605
bge-m3,마케팅/소셜미디어전략.md,재무/원가분석.md,0.469551
bge-m3,마케팅/소셜미디어전략.md,재무/지출보고.md,0.529374
bge-m3,마케팅/소셜미디어전략.md,재무/투자계획.md,0.452967
bge-m3,마케팅/소셜미디어전략.md,재무/회계정책.md,0.548603
bge-m3,마케팅/캠페인기획.md,마케팅/파트너십제휴.md,0.733121
bge-m3,마케팅/캠페인기획.md,법무/계약검토메모.md,0.469018
bge-m3,마케팅/캠페인기획.md,인사/복지제도.md,0.548882
bge-m3,마케팅/캠페인기획.md,인사/온보딩.md,0.518565
bge-m3,마케팅/캠페인기획.md,인사/조직개편.md,0.574450
bge-m3,마케팅/캠페인기획.md,인사/채용계획.md,0.606691
bge-m3,마케팅/캠페인기획.md,인사/평가제도.md,0.575899
bge-m3,마케팅/캠페인기획.md,재무/감사대응.md,0.609902
bge-m3,마케팅/캠페인기획.md,재무/예산계획.md,0.658286
bge-m3,마케팅/캠페인기획.md,재무/원가분석.md,0.556685
bge-m3,마케팅/캠페인기획.md,재무/지출보고.md,0.672854
bge-m3,마케팅/캠페인기획.md,재무/투자계획.md,0.580707
bge-m3,마케팅/캠페인기획.md,재무/회계정책.md,0.543130
bge-m3,마케팅/파트너십제휴.md,법무/계약검토메모.md,0.520395
bge-m3,마케팅/파트너십제휴.md,인사/복지제도.md,0.480510
bge-m3,마케팅/파트너십제휴.md,인사/온보딩.md,0.439057
bge-m3,마케팅/파트너십제휴.md,인사/조직개편.md,0.505647
bge-m3,마케팅/파트너십제휴.md,인사/채용계획.md,0.471047
bge-m3,마케팅/파트너십제휴.md,인사/평가제도.md,0.490670
bge-m3,마케팅/파트너십제휴.md,재무/감사대응.md,0.559445
bge-m3,마케팅/파트너십제휴.md,재무/예산계획.md,0.558485
bge-m3,마케팅/파트너십제휴.md,재무/원가분석.md,0.506847
bge-m3,마케팅/파트너십제휴.md,재무/지출보고.md,0.567952
bge-m3,마케팅/파트너십제휴.md,재무/투자계획.md,0.504190
bge-m3,마케팅/파트너십제휴.md,재무/회계정책.md,0.573782
bge-m3,법무/계약검토메모.md,인사/복지제도.md,0.448389
bge-m3,법무/계약검토메모.md,인사/온보딩.md,0.502943
bge-m3,법무/계약검토메모.md,인사/조직개편.md,0.478201
bge-m3,법무/계약검토메모.md,인사/채용계획.md,0.486262
bge-m3,법무/계약검토메모.md,인사/평가제도.md,0.553848
bge-m3,법무/계약검토메모.md,재무/감사대응.md,0.516033
bge-m3,법무/계약검토메모.md,재무/예산계획.md,0.519765
bge-m3,법무/계약검토메모.md,재무/원가분석.md,0.452810
bge-m3,법무/계약검토메모.md,재무/지출보고.md,0.511358
bge-m3,법무/계약검토메모.md,재무/투자계획.md,0.458014
bge-m3,법무/계약검토메모.md,재무/회계정책.md,0.537645
bge-m3,인사/복지제도.md,인사/온보딩.md,0.622515
bge-m3,인사/복지제도.md,인사/조직개편.md,0.529032
bge-m3,인사/복지제도.md,인사/채용계획.md,0.609581
bge-m3,인사/복지제도.md,인사/평가제도.md,0.657920
bge-m3,인사/복지제도.md,재무/감사대응.md,0.524279
bge-m3,인사/복지제도.md,재무/예산계획.md,0.577296
bge-m3,인사/복지제도.md,재무/원가분석.md,0.438373
bge-m3,인사/복지제도.md,재무/지출보고.md,0.553507
bge-m3,인사/복지제도.md,재무/투자계획.md,0.541313
bge-m3,인사/복지제도.md,재무/회계정책.md,0.559075
bge-m3,인사/온보딩.md,인사/조직개편.md,0.563167
bge-m3,인사/온보딩.md,인사/채용계획.md,0.702645
bge-m3,인사/온보딩.md,인사/평가제도.md,0.640552
bge-m3,인사/온보딩.md,재무/감사대응.md,0.539853
bge-m3,인사/온보딩.md,재무/예산계획.md,0.512423
bge-m3,인사/온보딩.md,재무/원가분석.md,0.412323
bge-m3,인사/온보딩.md,재무/지출보고.md,0.590042
bge-m3,인사/온보딩.md,재무/투자계획.md,0.482347
bge-m3,인사/온보딩.md,재무/회계정책.md,0.554358
bge-m3,인사/조직개편.md,인사/채용계획.md,0.708528
bge-m3,인사/조직개편.md,인사/평가제도.md,0.661774
bge-m3,인사/조직개편.md,재무/감사대응.md,0.585239
bge-m3,인사/조직개편.md,재무/예산계획.md,0.693420
bge-m3,인사/조직개편.md,재무/원가분석.md,0.574717
bge-m3,인사/조직개편.md,재무/지출보고.md,0.649920
bge-m3,인사/조직개편.md,재무/투자계획.md,0.560468
bge-m3,인사/조직개편.md,재무/회계정책.md,0.523199
bge-m3,인사/채용계획.md,인사/평가제도.md,0.721195
bge-m3,인사/채용계획.md,재무/감사대응.md,0.634305
bge-m3,인사/채용계획.md,재무/예산계획.md,0.658755
bge-m3,인사/채용계획.md,재무/원가분석.md,0.469741
bge-m3,인사/채용계획.md,재무/지출보고.md,0.640716
bge-m3,인사/채용계획.md,재무/투자계획.md,0.538072
bge-m3,인사/채용계획.md,재무/회계정책.md,0.495097
bge-m3,인사/평가제도.md,재무/감사대응.md,0.655433
bge-m3,인사/평가제도.md,재무/예산계획.md,0.639617
bge-m3,인사/평가제도.md,재무/원가분석.md,0.521198
bge-m3,인사/평가제도.md,재무/지출보고.md,0.682249
bge-m3,인사/평가제도.md,재무/투자계획.md,0.532931
bge-m3,인사/평가제도.md,재무/회계정책.md,0.567075
bge-m3,재무/감사대응.md,재무/예산계획.md,0.641054
bge-m3,재무/감사대응.md,재무/원가분석.md,0.577654
bge-m3,재무/감사대응.md,재무/지출보고.md,0.697596
bge-m3,재무/감사대응.md,재무/투자계획.md,0.569971
bge-m3,재무/감사대응.md,재무/회계정책.md,0.667664
bge-m3,재무/예산계획.md,재무/원가분석.md,0.736641
bge-m3,재무/예산계획.md,재무/지출보고.md,0.771766
bge-m3,재무/예산계획.md,재무/투자계획.md,0.694948
bge-m3,재무/예산계획.md,재무/회계정책.md,0.665609
bge-m3,재무/원가분석.md,재무/지출보고.md,0.711994
bge-m3,재무/원가분석.md,재무/투자계획.md,0.685041
bge-m3,재무/원가분석.md,재무/회계정책.md,0.512448
bge-m3,재무/지출보고.md,재무/투자계획.md,0.618106
bge-m3,재무/지출보고.md,재무/회계정책.md,0.582043
bge-m3,재무/투자계획.md,재무/회계정책.md,0.510178
qwen3-embedding:4b,개발/API설계.md,개발/README.md,0.460880
qwen3-embedding:4b,개발/API설계.md,개발/그래프설계.md,0.395728
qwen3-embedding:4b,개발/API설계.md,개발/벡터설계.md,0.428573
qwen3-embedding:4b,개발/API설계.md,개발/아키텍처.md,0.626869
qwen3-embedding:4b,개발/API설계.md,개발/테스트전략.md,0.410569
qwen3-embedding:4b,개발/API설계.md,기타/메모.md,0.290323
qwen3-embedding:4b,개발/API설계.md,마케팅/고객설문분석.md,0.293424
qwen3-embedding:4b,개발/API설계.md,마케팅/브랜드가이드.md,0.291031
qwen3-embedding:4b,개발/API설계.md,마케팅/소셜미디어전략.md,0.256806
qwen3-embedding:4b,개발/API설계.md,마케팅/캠페인기획.md,0.261457
qwen3-embedding:4b,개발/API설계.md,마케팅/파트너십제휴.md,0.282145
qwen3-embedding:4b,개발/API설계.md,법무/계약검토메모.md,0.317466
qwen3-embedding:4b,개발/API설계.md,인사/복지제도.md,0.274635
qwen3-embedding:4b,개발/API설계.md,인사/온보딩.md,0.302611
qwen3-embedding:4b,개발/API설계.md,인사/조직개편.md,0.347822
qwen3-embedding:4b,개발/API설계.md,인사/채용계획.md,0.356748
qwen3-embedding:4b,개발/API설계.md,인사/평가제도.md,0.265056
qwen3-embedding:4b,개발/API설계.md,재무/감사대응.md,0.300367
qwen3-embedding:4b,개발/API설계.md,재무/예산계획.md,0.274410
qwen3-embedding:4b,개발/API설계.md,재무/원가분석.md,0.268731
qwen3-embedding:4b,개발/API설계.md,재무/지출보고.md,0.236562
qwen3-embedding:4b,개발/API설계.md,재무/투자계획.md,0.406864
qwen3-embedding:4b,개발/API설계.md,재무/회계정책.md,0.264684
qwen3-embedding:4b,개발/README.md,개발/그래프설계.md,0.524227
qwen3-embedding:4b,개발/README.md,개발/벡터설계.md,0.571715
qwen3-embedding:4b,개발/README.md,개발/아키텍처.md,0.586478
qwen3-embedding:4b,개발/README.md,개발/테스트전략.md,0.438267
qwen3-embedding:4b,개발/README.md,기타/메모.md,0.275675
qwen3-embedding:4b,개발/README.md,마케팅/고객설문분석.md,0.304497
qwen3-embedding:4b,개발/README.md,마케팅/브랜드가이드.md,0.365421
qwen3-embedding:4b,개발/README.md,마케팅/소셜미디어전략.md,0.272281
qwen3-embedding:4b,개발/README.md,마케팅/캠페인기획.md,0.252832
qwen3-embedding:4b,개발/README.md,마케팅/파트너십제휴.md,0.261178
qwen3-embedding:4b,개발/README.md,법무/계약검토메모.md,0.328542
qwen3-embedding:4b,개발/README.md,인사/복지제도.md,0.290912
qwen3-embedding:4b,개발/README.md,인사/온보딩.md,0.404860
qwen3-embedding:4b,개발/README.md,인사/조직개편.md,0.452803
qwen3-embedding:4b,개발/README.md,인사/채용계획.md,0.391631
qwen3-embedding:4b,개발/README.md,인사/평가제도.md,0.303823
qwen3-embedding:4b,개발/README.md,재무/감사대응.md,0.321478
qwen3-embedding:4b,개발/README.md,재무/예산계획.md,0.347164
qwen3-embedding:4b,개발/README.md,재무/원가분석.md,0.354811
qwen3-embedding:4b,개발/README.md,재무/지출보고.md,0.302496
qwen3-embedding:4b,개발/README.md,재무/투자계획.md,0.309638
qwen3-embedding:4b,개발/README.md,재무/회계정책.md,0.316617
qwen3-embedding:4b,개발/그래프설계.md,개발/벡터설계.md,0.628080
qwen3-embedding:4b,개발/그래프설계.md,개발/아키텍처.md,0.542054
qwen3-embedding:4b,개발/그래프설계.md,개발/테스트전략.md,0.403043
qwen3-embedding:4b,개발/그래프설계.md,기타/메모.md,0.281780
qwen3-embedding:4b,개발/그래프설계.md,마케팅/고객설문분석.md,0.298594
qwen3-embedding:4b,개발/그래프설계.md,마케팅/브랜드가이드.md,0.317085
qwen3-embedding:4b,개발/그래프설계.md,마케팅/소셜미디어전략.md,0.254984
qwen3-embedding:4b,개발/그래프설계.md,마케팅/캠페인기획.md,0.198697
qwen3-embedding:4b,개발/그래프설계.md,마케팅/파트너십제휴.md,0.218904
qwen3-embedding:4b,개발/그래프설계.md,법무/계약검토메모.md,0.329119
qwen3-embedding:4b,개발/그래프설계.md,인사/복지제도.md,0.255387
qwen3-embedding:4b,개발/그래프설계.md,인사/온보딩.md,0.264437
qwen3-embedding:4b,개발/그래프설계.md,인사/조직개편.md,0.308579
qwen3-embedding:4b,개발/그래프설계.md,인사/채용계획.md,0.321541
qwen3-embedding:4b,개발/그래프설계.md,인사/평가제도.md,0.278665
qwen3-embedding:4b,개발/그래프설계.md,재무/감사대응.md,0.289540
qwen3-embedding:4b,개발/그래프설계.md,재무/예산계획.md,0.287067
qwen3-embedding:4b,개발/그래프설계.md,재무/원가분석.md,0.326342
qwen3-embedding:4b,개발/그래프설계.md,재무/지출보고.md,0.242435
qwen3-embedding:4b,개발/그래프설계.md,재무/투자계획.md,0.364203
qwen3-embedding:4b,개발/그래프설계.md,재무/회계정책.md,0.288002
qwen3-embedding:4b,개발/벡터설계.md,개발/아키텍처.md,0.456242
qwen3-embedding:4b,개발/벡터설계.md,개발/테스트전략.md,0.398161
qwen3-embedding:4b,개발/벡터설계.md,기타/메모.md,0.236675
qwen3-embedding:4b,개발/벡터설계.md,마케팅/고객설문분석.md,0.348664
qwen3-embedding:4b,개발/벡터설계.md,마케팅/브랜드가이드.md,0.287628
qwen3-embedding:4b,개발/벡터설계.md,마케팅/소셜미디어전략.md,0.257574
qwen3-embedding:4b,개발/벡터설계.md,마케팅/캠페인기획.md,0.236608
qwen3-embedding:4b,개발/벡터설계.md,마케팅/파트너십제휴.md,0.257253
qwen3-embedding:4b,개발/벡터설계.md,법무/계약검토메모.md,0.309902
qwen3-embedding:4b,개발/벡터설계.md,인사/복지제도.md,0.260416
qwen3-embedding:4b,개발/벡터설계.md,인사/온보딩.md,0.293966
qwen3-embedding:4b,개발/벡터설계.md,인사/조직개편.md,0.270941
qwen3-embedding:4b,개발/벡터설계.md,인사/채용계획.md,0.331543
qwen3-embedding:4b,개발/벡터설계.md,인사/평가제도.md,0.258070
qwen3-embedding:4b,개발/벡터설계.md,재무/감사대응.md,0.325763
qwen3-embedding:4b,개발/벡터설계.md,재무/예산계획.md,0.269872
qwen3-embedding:4b,개발/벡터설계.md,재무/원가분석.md,0.330668
qwen3-embedding:4b,개발/벡터설계.md,재무/지출보고.md,0.259218
qwen3-embedding:4b,개발/벡터설계.md,재무/투자계획.md,0.324758
qwen3-embedding:4b,개발/벡터설계.md,재무/회계정책.md,0.251572
qwen3-embedding:4b,개발/아키텍처.md,개발/테스트전략.md,0.433524
qwen3-embedding:4b,개발/아키텍처.md,기타/메모.md,0.300183
qwen3-embedding:4b,개발/아키텍처.md,마케팅/고객설문분석.md,0.281566
qwen3-embedding:4b,개발/아키텍처.md,마케팅/브랜드가이드.md,0.368381
qwen3-embedding:4b,개발/아키텍처.md,마케팅/소셜미디어전략.md,0.298973
qwen3-embedding:4b,개발/아키텍처.md,마케팅/캠페인기획.md,0.261102
qwen3-embedding:4b,개발/아키텍처.md,마케팅/파트너십제휴.md,0.310446
qwen3-embedding:4b,개발/아키텍처.md,법무/계약검토메모.md,0.336437
qwen3-embedding:4b,개발/아키텍처.md,인사/복지제도.md,0.275651
qwen3-embedding:4b,개발/아키텍처.md,인사/온보딩.md,0.328329
qwen3-embedding:4b,개발/아키텍처.md,인사/조직개편.md,0.471367
qwen3-embedding:4b,개발/아키텍처.md,인사/채용계획.md,0.369266
qwen3-embedding:4b,개발/아키텍처.md,인사/평가제도.md,0.285435
qwen3-embedding:4b,개발/아키텍처.md,재무/감사대응.md,0.307584
qwen3-embedding:4b,개발/아키텍처.md,재무/예산계획.md,0.327504
qwen3-embedding:4b,개발/아키텍처.md,재무/원가분석.md,0.341333
qwen3-embedding:4b,개발/아키텍처.md,재무/지출보고.md,0.268949
qwen3-embedding:4b,개발/아키텍처.md,재무/투자계획.md,0.375523
qwen3-embedding:4b,개발/아키텍처.md,재무/회계정책.md,0.329397
qwen3-embedding:4b,개발/테스트전략.md,기타/메모.md,0.295204
qwen3-embedding:4b,개발/테스트전략.md,마케팅/고객설문분석.md,0.298583
qwen3-embedding:4b,개발/테스트전략.md,마케팅/브랜드가이드.md,0.338918
qwen3-embedding:4b,개발/테스트전략.md,마케팅/소셜미디어전략.md,0.352172
qwen3-embedding:4b,개발/테스트전략.md,마케팅/캠페인기획.md,0.313586
qwen3-embedding:4b,개발/테스트전략.md,마케팅/파트너십제휴.md,0.319318
qwen3-embedding:4b,개발/테스트전략.md,법무/계약검토메모.md,0.371507
qwen3-embedding:4b,개발/테스트전략.md,인사/복지제도.md,0.260242
qwen3-embedding:4b,개발/테스트전략.md,인사/온보딩.md,0.344291
qwen3-embedding:4b,개발/테스트전략.md,인사/조직개편.md,0.340929
qwen3-embedding:4b,개발/테스트전략.md,인사/채용계획.md,0.369914
qwen3-embedding:4b,개발/테스트전략.md,인사/평가제도.md,0.329769
qwen3-embedding:4b,개발/테스트전략.md,재무/감사대응.md,0.345485
qwen3-embedding:4b,개발/테스트전략.md,재무/예산계획.md,0.337110
qwen3-embedding:4b,개발/테스트전략.md,재무/원가분석.md,0.299688
qwen3-embedding:4b,개발/테스트전략.md,재무/지출보고.md,0.288945
qwen3-embedding:4b,개발/테스트전략.md,재무/투자계획.md,0.357145
qwen3-embedding:4b,개발/테스트전략.md,재무/회계정책.md,0.320357
qwen3-embedding:4b,기타/메모.md,마케팅/고객설문분석.md,0.302152
qwen3-embedding:4b,기타/메모.md,마케팅/브랜드가이드.md,0.349874
qwen3-embedding:4b,기타/메모.md,마케팅/소셜미디어전략.md,0.254285
qwen3-embedding:4b,기타/메모.md,마케팅/캠페인기획.md,0.245783
qwen3-embedding:4b,기타/메모.md,마케팅/파트너십제휴.md,0.254772
qwen3-embedding:4b,기타/메모.md,법무/계약검토메모.md,0.322489
qwen3-embedding:4b,기타/메모.md,인사/복지제도.md,0.352838
qwen3-embedding:4b,기타/메모.md,인사/온보딩.md,0.341764
qwen3-embedding:4b,기타/메모.md,인사/조직개편.md,0.321729
qwen3-embedding:4b,기타/메모.md,인사/채용계획.md,0.335385
qwen3-embedding:4b,기타/메모.md,인사/평가제도.md,0.298527
qwen3-embedding:4b,기타/메모.md,재무/감사대응.md,0.375276
qwen3-embedding:4b,기타/메모.md,재무/예산계획.md,0.329165
qwen3-embedding:4b,기타/메모.md,재무/원가분석.md,0.276239
qwen3-embedding:4b,기타/메모.md,재무/지출보고.md,0.306549
qwen3-embedding:4b,기타/메모.md,재무/투자계획.md,0.343183
qwen3-embedding:4b,기타/메모.md,재무/회계정책.md,0.342307
qwen3-embedding:4b,마케팅/고객설문분석.md,마케팅/브랜드가이드.md,0.324757
qwen3-embedding:4b,마케팅/고객설문분석.md,마케팅/소셜미디어전략.md,0.438349
qwen3-embedding:4b,마케팅/고객설문분석.md,마케팅/캠페인기획.md,0.427646
qwen3-embedding:4b,마케팅/고객설문분석.md,마케팅/파트너십제휴.md,0.273612
qwen3-embedding:4b,마케팅/고객설문분석.md,법무/계약검토메모.md,0.291361
qwen3-embedding:4b,마케팅/고객설문분석.md,인사/복지제도.md,0.233486
qwen3-embedding:4b,마케팅/고객설문분석.md,인사/온보딩.md,0.244963
qwen3-embedding:4b,마케팅/고객설문분석.md,인사/조직개편.md,0.318769
qwen3-embedding:4b,마케팅/고객설문분석.md,인사/채용계획.md,0.386770
qwen3-embedding:4b,마케팅/고객설문분석.md,인사/평가제도.md,0.328297
qwen3-embedding:4b,마케팅/고객설문분석.md,재무/감사대응.md,0.330064
qwen3-embedding:4b,마케팅/고객설문분석.md,재무/예산계획.md,0.279865
qwen3-embedding:4b,마케팅/고객설문분석.md,재무/원가분석.md,0.337239
qwen3-embedding:4b,마케팅/고객설문분석.md,재무/지출보고.md,0.321191
qwen3-embedding:4b,마케팅/고객설문분석.md,재무/투자계획.md,0.303540
qwen3-embedding:4b,마케팅/고객설문분석.md,재무/회계정책.md,0.206389
qwen3-embedding:4b,마케팅/브랜드가이드.md,마케팅/소셜미디어전략.md,0.532033
qwen3-embedding:4b,마케팅/브랜드가이드.md,마케팅/캠페인기획.md,0.449513
qwen3-embedding:4b,마케팅/브랜드가이드.md,마케팅/파트너십제휴.md,0.438648
qwen3-embedding:4b,마케팅/브랜드가이드.md,법무/계약검토메모.md,0.445626
qwen3-embedding:4b,마케팅/브랜드가이드.md,인사/복지제도.md,0.304467
qwen3-embedding:4b,마케팅/브랜드가이드.md,인사/온보딩.md,0.368925
qwen3-embedding:4b,마케팅/브랜드가이드.md,인사/조직개편.md,0.356744
qwen3-embedding:4b,마케팅/브랜드가이드.md,인사/채용계획.md,0.360181
qwen3-embedding:4b,마케팅/브랜드가이드.md,인사/평가제도.md,0.346702
qwen3-embedding:4b,마케팅/브랜드가이드.md,재무/감사대응.md,0.341388
qwen3-embedding:4b,마케팅/브랜드가이드.md,재무/예산계획.md,0.360043
qwen3-embedding:4b,마케팅/브랜드가이드.md,재무/원가분석.md,0.293110
qwen3-embedding:4b,마케팅/브랜드가이드.md,재무/지출보고.md,0.316237
qwen3-embedding:4b,마케팅/브랜드가이드.md,재무/투자계획.md,0.276349
qwen3-embedding:4b,마케팅/브랜드가이드.md,재무/회계정책.md,0.400378
qwen3-embedding:4b,마케팅/소셜미디어전략.md,마케팅/캠페인기획.md,0.593471
qwen3-embedding:4b,마케팅/소셜미디어전략.md,마케팅/파트너십제휴.md,0.524078
qwen3-embedding:4b,마케팅/소셜미디어전략.md,법무/계약검토메모.md,0.272502
qwen3-embedding:4b,마케팅/소셜미디어전략.md,인사/복지제도.md,0.220905
qwen3-embedding:4b,마케팅/소셜미디어전략.md,인사/온보딩.md,0.317135
qwen3-embedding:4b,마케팅/소셜미디어전략.md,인사/조직개편.md,0.314887
qwen3-embedding:4b,마케팅/소셜미디어전략.md,인사/채용계획.md,0.345715
qwen3-embedding:4b,마케팅/소셜미디어전략.md,인사/평가제도.md,0.295351
qwen3-embedding:4b,마케팅/소셜미디어전략.md,재무/감사대응.md,0.302477
qwen3-embedding:4b,마케팅/소셜미디어전략.md,재무/예산계획.md,0.265974
qwen3-embedding:4b,마케팅/소셜미디어전략.md,재무/원가분석.md,0.254109
qwen3-embedding:4b,마케팅/소셜미디어전략.md,재무/지출보고.md,0.257387
qwen3-embedding:4b,마케팅/소셜미디어전략.md,재무/투자계획.md,0.261965
qwen3-embedding:4b,마케팅/소셜미디어전략.md,재무/회계정책.md,0.299496
qwen3-embedding:4b,마케팅/캠페인기획.md,마케팅/파트너십제휴.md,0.635751
qwen3-embedding:4b,마케팅/캠페인기획.md,법무/계약검토메모.md,0.290310
qwen3-embedding:4b,마케팅/캠페인기획.md,인사/복지제도.md,0.329123
qwen3-embedding:4b,마케팅/캠페인기획.md,인사/온보딩.md,0.338119
qwen3-embedding:4b,마케팅/캠페인기획.md,인사/조직개편.md,0.433129
qwen3-embedding:4b,마케팅/캠페인기획.md,인사/채용계획.md,0.498301
qwen3-embedding:4b,마케팅/캠페인기획.md,인사/평가제도.md,0.382703
qwen3-embedding:4b,마케팅/캠페인기획.md,재무/감사대응.md,0.412796
qwen3-embedding:4b,마케팅/캠페인기획.md,재무/예산계획.md,0.473614
qwen3-embedding:4b,마케팅/캠페인기획.md,재무/원가분석.md,0.406807
qwen3-embedding:4b,마케팅/캠페인기획.md,재무/지출보고.md,0.484161
qwen3-embedding:4b,마케팅/캠페인기획.md,재무/투자계획.md,0.411611
qwen3-embedding:4b,마케팅/캠페인기획.md,재무/회계정책.md,0.319461
qwen3-embedding:4b,마케팅/파트너십제휴.md,법무/계약검토메모.md,0.387666
qwen3-embedding:4b,마케팅/파트너십제휴.md,인사/복지제도.md,0.295415
qwen3-embedding:4b,마케팅/파트너십제휴.md,인사/온보딩.md,0.290405
qwen3-embedding:4b,마케팅/파트너십제휴.md,인사/조직개편.md,0.373401
qwen3-embedding:4b,마케팅/파트너십제휴.md,인사/채용계획.md,0.393439
qwen3-embedding:4b,마케팅/파트너십제휴.md,인사/평가제도.md,0.325225
qwen3-embedding:4b,마케팅/파트너십제휴.md,재무/감사대응.md,0.374883
qwen3-embedding:4b,마케팅/파트너십제휴.md,재무/예산계획.md,0.416905
qwen3-embedding:4b,마케팅/파트너십제휴.md,재무/원가분석.md,0.354446
qwen3-embedding:4b,마케팅/파트너십제휴.md,재무/지출보고.md,0.396196
qwen3-embedding:4b,마케팅/파트너십제휴.md,재무/투자계획.md,0.382391
qwen3-embedding:4b,마케팅/파트너십제휴.md,재무/회계정책.md,0.364005
qwen3-embedding:4b,법무/계약검토메모.md,인사/복지제도.md,0.307172
qwen3-embedding:4b,법무/계약검토메모.md,인사/온보딩.md,0.374177
qwen3-embedding:4b,법무/계약검토메모.md,인사/조직개편.md,0.379656
qwen3-embedding:4b,법무/계약검토메모.md,인사/채용계획.md,0.402668
qwen3-embedding:4b,법무/계약검토메모.md,인사/평가제도.md,0.399672
qwen3-embedding:4b,법무/계약검토메모.md,재무/감사대응.md,0.398912
qwen3-embedding:4b,법무/계약검토메모.md,재무/예산계획.md,0.409192
qwen3-embedding:4b,법무/계약검토메모.md,재무/원가분석.md,0.307426
qwen3-embedding:4b,법무/계약검토메모.md,재무/지출보고.md,0.345684
qwen3-embedding:4b,법무/계약검토메모.md,재무/투자계획.md,0.360207
qwen3-embedding:4b,법무/계약검토메모.md,재무/회계정책.md,0.410664
qwen3-embedding:4b,인사/복지제도.md,인사/온보딩.md,0.514617
qwen3-embedding:4b,인사/복지제도.md,인사/조직개편.md,0.348893
qwen3-embedding:4b,인사/복지제도.md,인사/채용계획.md,0.487610
qwen3-embedding:4b,인사/복지제도.md,인사/평가제도.md,0.506982
qwen3-embedding:4b,인사/복지제도.md,재무/감사대응.md,0.379424
qwen3-embedding:4b,인사/복지제도.md,재무/예산계획.md,0.372018
qwen3-embedding:4b,인사/복지제도.md,재무/원가분석.md,0.238147
qwen3-embedding:4b,인사/복지제도.md,재무/지출보고.md,0.361364
qwen3-embedding:4b,인사/복지제도.md,재무/투자계획.md,0.326788
qwen3-embedding:4b,인사/복지제도.md,재무/회계정책.md,0.364717
qwen3-embedding:4b,인사/온보딩.md,인사/조직개편.md,0.439312
qwen3-embedding:4b,인사/온보딩.md,인사/채용계획.md,0.591267
qwen3-embedding:4b,인사/온보딩.md,인사/평가제도.md,0.562178
qwen3-embedding:4b,인사/온보딩.md,재무/감사대응.md,0.383966
qwen3-embedding:4b,인사/온보딩.md,재무/예산계획.md,0.370702
qwen3-embedding:4b,인사/온보딩.md,재무/원가분석.md,0.287308
qwen3-embedding:4b,인사/온보딩.md,재무/지출보고.md,0.402884
qwen3-embedding:4b,인사/온보딩.md,재무/투자계획.md,0.342737
qwen3-embedding:4b,인사/온보딩.md,재무/회계정책.md,0.378007
qwen3-embedding:4b,인사/조직개편.md,인사/채용계획.md,0.628665
qwen3-embedding:4b,인사/조직개편.md,인사/평가제도.md,0.488815
qwen3-embedding:4b,인사/조직개편.md,재무/감사대응.md,0.387987
qwen3-embedding:4b,인사/조직개편.md,재무/예산계획.md,0.520713
qwen3-embedding:4b,인사/조직개편.md,재무/원가분석.md,0.476888
qwen3-embedding:4b,인사/조직개편.md,재무/지출보고.md,0.512202
qwen3-embedding:4b,인사/조직개편.md,재무/투자계획.md,0.443468
qwen3-embedding:4b,인사/조직개편.md,재무/회계정책.md,0.331638
qwen3-embedding:4b,인사/채용계획.md,인사/평가제도.md,0.636799
qwen3-embedding:4b,인사/채용계획.md,재무/감사대응.md,0.467961
qwen3-embedding:4b,인사/채용계획.md,재무/예산계획.md,0.511076
qwen3-embedding:4b,인사/채용계획.md,재무/원가분석.md,0.379446
qwen3-embedding:4b,인사/채용계획.md,재무/지출보고.md,0.550585
qwen3-embedding:4b,인사/채용계획.md,재무/투자계획.md,0.448040
qwen3-embedding:4b,인사/채용계획.md,재무/회계정책.md,0.316807
qwen3-embedding:4b,인사/평가제도.md,재무/감사대응.md,0.429505
qwen3-embedding:4b,인사/평가제도.md,재무/예산계획.md,0.425381
qwen3-embedding:4b,인사/평가제도.md,재무/원가분석.md,0.331719
qwen3-embedding:4b,인사/평가제도.md,재무/지출보고.md,0.477514
qwen3-embedding:4b,인사/평가제도.md,재무/투자계획.md,0.366325
qwen3-embedding:4b,인사/평가제도.md,재무/회계정책.md,0.363705
qwen3-embedding:4b,재무/감사대응.md,재무/예산계획.md,0.490907
qwen3-embedding:4b,재무/감사대응.md,재무/원가분석.md,0.421066
qwen3-embedding:4b,재무/감사대응.md,재무/지출보고.md,0.516114
qwen3-embedding:4b,재무/감사대응.md,재무/투자계획.md,0.396653
qwen3-embedding:4b,재무/감사대응.md,재무/회계정책.md,0.645972
qwen3-embedding:4b,재무/예산계획.md,재무/원가분석.md,0.700755
qwen3-embedding:4b,재무/예산계획.md,재무/지출보고.md,0.698093
qwen3-embedding:4b,재무/예산계획.md,재무/투자계획.md,0.594369
qwen3-embedding:4b,재무/예산계획.md,재무/회계정책.md,0.576015
qwen3-embedding:4b,재무/원가분석.md,재무/지출보고.md,0.693084
qwen3-embedding:4b,재무/원가분석.md,재무/투자계획.md,0.618527
qwen3-embedding:4b,재무/원가분석.md,재무/회계정책.md,0.377213
qwen3-embedding:4b,재무/지출보고.md,재무/투자계획.md,0.487185
qwen3-embedding:4b,재무/지출보고.md,재무/회계정책.md,0.414312
qwen3-embedding:4b,재무/투자계획.md,재무/회계정책.md,0.380343
bona/bge-m3-korean,개발/API설계.md,개발/README.md,0.564804
bona/bge-m3-korean,개발/API설계.md,개발/그래프설계.md,0.629159
bona/bge-m3-korean,개발/API설계.md,개발/벡터설계.md,0.637812
bona/bge-m3-korean,개발/API설계.md,개발/아키텍처.md,0.781287
bona/bge-m3-korean,개발/API설계.md,개발/테스트전략.md,0.670164
bona/bge-m3-korean,개발/API설계.md,기타/메모.md,0.405144
bona/bge-m3-korean,개발/API설계.md,마케팅/고객설문분석.md,0.460948
bona/bge-m3-korean,개발/API설계.md,마케팅/브랜드가이드.md,0.447030
bona/bge-m3-korean,개발/API설계.md,마케팅/소셜미디어전략.md,0.484779
bona/bge-m3-korean,개발/API설계.md,마케팅/캠페인기획.md,0.415769
bona/bge-m3-korean,개발/API설계.md,마케팅/파트너십제휴.md,0.436064
bona/bge-m3-korean,개발/API설계.md,법무/계약검토메모.md,0.478185
bona/bge-m3-korean,개발/API설계.md,인사/복지제도.md,0.454198
bona/bge-m3-korean,개발/API설계.md,인사/온보딩.md,0.524100
bona/bge-m3-korean,개발/API설계.md,인사/조직개편.md,0.576461
bona/bge-m3-korean,개발/API설계.md,인사/채용계획.md,0.513631
bona/bge-m3-korean,개발/API설계.md,인사/평가제도.md,0.471770
bona/bge-m3-korean,개발/API설계.md,재무/감사대응.md,0.456415
bona/bge-m3-korean,개발/API설계.md,재무/예산계획.md,0.467295
bona/bge-m3-korean,개발/API설계.md,재무/원가분석.md,0.474160
bona/bge-m3-korean,개발/API설계.md,재무/지출보고.md,0.452559
bona/bge-m3-korean,개발/API설계.md,재무/투자계획.md,0.560915
bona/bge-m3-korean,개발/API설계.md,재무/회계정책.md,0.517088
bona/bge-m3-korean,개발/README.md,개발/그래프설계.md,0.683572
bona/bge-m3-korean,개발/README.md,개발/벡터설계.md,0.679452
bona/bge-m3-korean,개발/README.md,개발/아키텍처.md,0.600258
bona/bge-m3-korean,개발/README.md,개발/테스트전략.md,0.641562
bona/bge-m3-korean,개발/README.md,기타/메모.md,0.484258
bona/bge-m3-korean,개발/README.md,마케팅/고객설문분석.md,0.499964
bona/bge-m3-korean,개발/README.md,마케팅/브랜드가이드.md,0.478686
bona/bge-m3-korean,개발/README.md,마케팅/소셜미디어전략.md,0.494926
bona/bge-m3-korean,개발/README.md,마케팅/캠페인기획.md,0.434216
bona/bge-m3-korean,개발/README.md,마케팅/파트너십제휴.md,0.474812
bona/bge-m3-korean,개발/README.md,법무/계약검토메모.md,0.553640
bona/bge-m3-korean,개발/README.md,인사/복지제도.md,0.508245
bona/bge-m3-korean,개발/README.md,인사/온보딩.md,0.624386
bona/bge-m3-korean,개발/README.md,인사/조직개편.md,0.635846
bona/bge-m3-korean,개발/README.md,인사/채용계획.md,0.551627
bona/bge-m3-korean,개발/README.md,인사/평가제도.md,0.545620
bona/bge-m3-korean,개발/README.md,재무/감사대응.md,0.496567
bona/bge-m3-korean,개발/README.md,재무/예산계획.md,0.510291
bona/bge-m3-korean,개발/README.md,재무/원가분석.md,0.526598
bona/bge-m3-korean,개발/README.md,재무/지출보고.md,0.550770
bona/bge-m3-korean,개발/README.md,재무/투자계획.md,0.469453
bona/bge-m3-korean,개발/README.md,재무/회계정책.md,0.575515
bona/bge-m3-korean,개발/그래프설계.md,개발/벡터설계.md,0.728986
bona/bge-m3-korean,개발/그래프설계.md,개발/아키텍처.md,0.741321
bona/bge-m3-korean,개발/그래프설계.md,개발/테스트전략.md,0.705496
bona/bge-m3-korean,개발/그래프설계.md,기타/메모.md,0.474534
bona/bge-m3-korean,개발/그래프설계.md,마케팅/고객설문분석.md,0.487272
bona/bge-m3-korean,개발/그래프설계.md,마케팅/브랜드가이드.md,0.518651
bona/bge-m3-korean,개발/그래프설계.md,마케팅/소셜미디어전략.md,0.532338
bona/bge-m3-korean,개발/그래프설계.md,마케팅/캠페인기획.md,0.449527
bona/bge-m3-korean,개발/그래프설계.md,마케팅/파트너십제휴.md,0.495553
bona/bge-m3-korean,개발/그래프설계.md,법무/계약검토메모.md,0.525250
bona/bge-m3-korean,개발/그래프설계.md,인사/복지제도.md,0.480178
bona/bge-m3-korean,개발/그래프설계.md,인사/온보딩.md,0.527559
bona/bge-m3-korean,개발/그래프설계.md,인사/조직개편.md,0.584363
bona/bge-m3-korean,개발/그래프설계.md,인사/채용계획.md,0.542512
bona/bge-m3-korean,개발/그래프설계.md,인사/평가제도.md,0.540820
bona/bge-m3-korean,개발/그래프설계.md,재무/감사대응.md,0.480387
bona/bge-m3-korean,개발/그래프설계.md,재무/예산계획.md,0.506827
bona/bge-m3-korean,개발/그래프설계.md,재무/원가분석.md,0.541798
bona/bge-m3-korean,개발/그래프설계.md,재무/지출보고.md,0.477313
bona/bge-m3-korean,개발/그래프설계.md,재무/투자계획.md,0.543726
bona/bge-m3-korean,개발/그래프설계.md,재무/회계정책.md,0.567885
bona/bge-m3-korean,개발/벡터설계.md,개발/아키텍처.md,0.696058
bona/bge-m3-korean,개발/벡터설계.md,개발/테스트전략.md,0.696274
bona/bge-m3-korean,개발/벡터설계.md,기타/메모.md,0.456789
bona/bge-m3-korean,개발/벡터설계.md,마케팅/고객설문분석.md,0.464127
bona/bge-m3-korean,개발/벡터설계.md,마케팅/브랜드가이드.md,0.453559
bona/bge-m3-korean,개발/벡터설계.md,마케팅/소셜미디어전략.md,0.495777
bona/bge-m3-korean,개발/벡터설계.md,마케팅/캠페인기획.md,0.417585
bona/bge-m3-korean,개발/벡터설계.md,마케팅/파트너십제휴.md,0.457163
bona/bge-m3-korean,개발/벡터설계.md,법무/계약검토메모.md,0.524343
bona/bge-m3-korean,개발/벡터설계.md,인사/복지제도.md,0.501841
bona/bge-m3-korean,개발/벡터설계.md,인사/온보딩.md,0.548233
bona/bge-m3-korean,개발/벡터설계.md,인사/조직개편.md,0.592393
bona/bge-m3-korean,개발/벡터설계.md,인사/채용계획.md,0.557011
bona/bge-m3-korean,개발/벡터설계.md,인사/평가제도.md,0.547735
bona/bge-m3-korean,개발/벡터설계.md,재무/감사대응.md,0.475704
bona/bge-m3-korean,개발/벡터설계.md,재무/예산계획.md,0.556785
bona/bge-m3-korean,개발/벡터설계.md,재무/원가분석.md,0.548714
bona/bge-m3-korean,개발/벡터설계.md,재무/지출보고.md,0.520546
bona/bge-m3-korean,개발/벡터설계.md,재무/투자계획.md,0.493321
bona/bge-m3-korean,개발/벡터설계.md,재무/회계정책.md,0.551086
bona/bge-m3-korean,개발/아키텍처.md,개발/테스트전략.md,0.709431
bona/bge-m3-korean,개발/아키텍처.md,기타/메모.md,0.479690
bona/bge-m3-korean,개발/아키텍처.md,마케팅/고객설문분석.md,0.431805
bona/bge-m3-korean,개발/아키텍처.md,마케팅/브랜드가이드.md,0.475735
bona/bge-m3-korean,개발/아키텍처.md,마케팅/소셜미디어전략.md,0.497985
bona/bge-m3-korean,개발/아키텍처.md,마케팅/캠페인기획.md,0.422299
bona/bge-m3-korean,개발/아키텍처.md,마케팅/파트너십제휴.md,0.463902
bona/bge-m3-korean,개발/아키텍처.md,법무/계약검토메모.md,0.518944
bona/bge-m3-korean,개발/아키텍처.md,인사/복지제도.md,0.490062
bona/bge-m3-korean,개발/아키텍처.md,인사/온보딩.md,0.574932
bona/bge-m3-korean,개발/아키텍처.md,인사/조직개편.md,0.598386
bona/bge-m3-korean,개발/아키텍처.md,인사/채용계획.md,0.562374
bona/bge-m3-korean,개발/아키텍처.md,인사/평가제도.md,0.532970
bona/bge-m3-korean,개발/아키텍처.md,재무/감사대응.md,0.442242
bona/bge-m3-korean,개발/아키텍처.md,재무/예산계획.md,0.466380
bona/bge-m3-korean,개발/아키텍처.md,재무/원가분석.md,0.482237
bona/bge-m3-korean,개발/아키텍처.md,재무/지출보고.md,0.432917
bona/bge-m3-korean,개발/아키텍처.md,재무/투자계획.md,0.500263
bona/bge-m3-korean,개발/아키텍처.md,재무/회계정책.md,0.568305
bona/bge-m3-korean,개발/테스트전략.md,기타/메모.md,0.491902
bona/bge-m3-korean,개발/테스트전략.md,마케팅/고객설문분석.md,0.530968
bona/bge-m3-korean,개발/테스트전략.md,마케팅/브랜드가이드.md,0.503722
bona/bge-m3-korean,개발/테스트전략.md,마케팅/소셜미디어전략.md,0.584120
bona/bge-m3-korean,개발/테스트전략.md,마케팅/캠페인기획.md,0.474954
bona/bge-m3-korean,개발/테스트전략.md,마케팅/파트너십제휴.md,0.492320
bona/bge-m3-korean,개발/테스트전략.md,법무/계약검토메모.md,0.618010
bona/bge-m3-korean,개발/테스트전략.md,인사/복지제도.md,0.497633
bona/bge-m3-korean,개발/테스트전략.md,인사/온보딩.md,0.558638
bona/bge-m3-korean,개발/테스트전략.md,인사/조직개편.md,0.570313
bona/bge-m3-korean,개발/테스트전략.md,인사/채용계획.md,0.576503
bona/bge-m3-korean,개발/테스트전략.md,인사/평가제도.md,0.549197
bona/bge-m3-korean,개발/테스트전략.md,재무/감사대응.md,0.501823
bona/bge-m3-korean,개발/테스트전략.md,재무/예산계획.md,0.511405
bona/bge-m3-korean,개발/테스트전략.md,재무/원가분석.md,0.521033
bona/bge-m3-korean,개발/테스트전략.md,재무/지출보고.md,0.475297
bona/bge-m3-korean,개발/테스트전략.md,재무/투자계획.md,0.530983
bona/bge-m3-korean,개발/테스트전략.md,재무/회계정책.md,0.575002
bona/bge-m3-korean,기타/메모.md,마케팅/고객설문분석.md,0.495370
bona/bge-m3-korean,기타/메모.md,마케팅/브랜드가이드.md,0.436827
bona/bge-m3-korean,기타/메모.md,마케팅/소셜미디어전략.md,0.441222
bona/bge-m3-korean,기타/메모.md,마케팅/캠페인기획.md,0.410447
bona/bge-m3-korean,기타/메모.md,마케팅/파트너십제휴.md,0.436152
bona/bge-m3-korean,기타/메모.md,법무/계약검토메모.md,0.477553
bona/bge-m3-korean,기타/메모.md,인사/복지제도.md,0.462019
bona/bge-m3-korean,기타/메모.md,인사/온보딩.md,0.529458
bona/bge-m3-korean,기타/메모.md,인사/조직개편.md,0.465943
bona/bge-m3-korean,기타/메모.md,인사/채용계획.md,0.520541
bona/bge-m3-korean,기타/메모.md,인사/평가제도.md,0.516011
bona/bge-m3-korean,기타/메모.md,재무/감사대응.md,0.513653
bona/bge-m3-korean,기타/메모.md,재무/예산계획.md,0.453644
bona/bge-m3-korean,기타/메모.md,재무/원가분석.md,0.433236
bona/bge-m3-korean,기타/메모.md,재무/지출보고.md,0.418089
bona/bge-m3-korean,기타/메모.md,재무/투자계획.md,0.457245
bona/bge-m3-korean,기타/메모.md,재무/회계정책.md,0.535222
bona/bge-m3-korean,마케팅/고객설문분석.md,마케팅/브랜드가이드.md,0.556724
bona/bge-m3-korean,마케팅/고객설문분석.md,마케팅/소셜미디어전략.md,0.669830
bona/bge-m3-korean,마케팅/고객설문분석.md,마케팅/캠페인기획.md,0.674753
bona/bge-m3-korean,마케팅/고객설문분석.md,마케팅/파트너십제휴.md,0.605150
bona/bge-m3-korean,마케팅/고객설문분석.md,법무/계약검토메모.md,0.504199
bona/bge-m3-korean,마케팅/고객설문분석.md,인사/복지제도.md,0.500111
bona/bge-m3-korean,마케팅/고객설문분석.md,인사/온보딩.md,0.495213
bona/bge-m3-korean,마케팅/고객설문분석.md,인사/조직개편.md,0.484750
bona/bge-m3-korean,마케팅/고객설문분석.md,인사/채용계획.md,0.542768
bona/bge-m3-korean,마케팅/고객설문분석.md,인사/평가제도.md,0.539947
bona/bge-m3-korean,마케팅/고객설문분석.md,재무/감사대응.md,0.549787
bona/bge-m3-korean,마케팅/고객설문분석.md,재무/예산계획.md,0.517929
bona/bge-m3-korean,마케팅/고객설문분석.md,재무/원가분석.md,0.498853
bona/bge-m3-korean,마케팅/고객설문분석.md,재무/지출보고.md,0.529625
bona/bge-m3-korean,마케팅/고객설문분석.md,재무/투자계획.md,0.439594
bona/bge-m3-korean,마케팅/고객설문분석.md,재무/회계정책.md,0.516276
bona/bge-m3-korean,마케팅/브랜드가이드.md,마케팅/소셜미디어전략.md,0.699548
bona/bge-m3-korean,마케팅/브랜드가이드.md,마케팅/캠페인기획.md,0.625778
bona/bge-m3-korean,마케팅/브랜드가이드.md,마케팅/파트너십제휴.md,0.614109
bona/bge-m3-korean,마케팅/브랜드가이드.md,법무/계약검토메모.md,0.528612
bona/bge-m3-korean,마케팅/브랜드가이드.md,인사/복지제도.md,0.491908
bona/bge-m3-korean,마케팅/브랜드가이드.md,인사/온보딩.md,0.488995
bona/bge-m3-korean,마케팅/브랜드가이드.md,인사/조직개편.md,0.460072
bona/bge-m3-korean,마케팅/브랜드가이드.md,인사/채용계획.md,0.447245
bona/bge-m3-korean,마케팅/브랜드가이드.md,인사/평가제도.md,0.484751
bona/bge-m3-korean,마케팅/브랜드가이드.md,재무/감사대응.md,0.488632
bona/bge-m3-korean,마케팅/브랜드가이드.md,재무/예산계획.md,0.445547
bona/bge-m3-korean,마케팅/브랜드가이드.md,재무/원가분석.md,0.441374
bona/bge-m3-korean,마케팅/브랜드가이드.md,재무/지출보고.md,0.476409
bona/bge-m3-korean,마케팅/브랜드가이드.md,재무/투자계획.md,0.388197
bona/bge-m3-korean,마케팅/브랜드가이드.md,재무/회계정책.md,0.603462
bona/bge-m3-korean,마케팅/소셜미디어전략.md,마케팅/캠페인기획.md,0.699576
bona/bge-m3-korean,마케팅/소셜미디어전략.md,마케팅/파트너십제휴.md,0.681068
bona/bge-m3-korean,마케팅/소셜미디어전략.md,법무/계약검토메모.md,0.485871
bona/bge-m3-korean,마케팅/소셜미디어전략.md,인사/복지제도.md,0.515828
bona/bge-m3-korean,마케팅/소셜미디어전략.md,인사/온보딩.md,0.515101
bona/bge-m3-korean,마케팅/소셜미디어전략.md,인사/조직개편.md,0.469763
bona/bge-m3-korean,마케팅/소셜미디어전략.md,인사/채용계획.md,0.488892
bona/bge-m3-korean,마케팅/소셜미디어전략.md,인사/평가제도.md,0.497841
bona/bge-m3-korean,마케팅/소셜미디어전략.md,재무/감사대응.md,0.494020
bona/bge-m3-korean,마케팅/소셜미디어전략.md,재무/예산계획.md,0.494310
bona/bge-m3-korean,마케팅/소셜미디어전략.md,재무/원가분석.md,0.475967
bona/bge-m3-korean,마케팅/소셜미디어전략.md,재무/지출보고.md,0.508137
bona/bge-m3-korean,마케팅/소셜미디어전략.md,재무/투자계획.md,0.454999
bona/bge-m3-korean,마케팅/소셜미디어전략.md,재무/회계정책.md,0.577759
bona/bge-m3-korean,마케팅/캠페인기획.md,마케팅/파트너십제휴.md,0.753124
bona/bge-m3-korean,마케팅/캠페인기획.md,법무/계약검토메모.md,0.502725
bona/bge-m3-korean,마케팅/캠페인기획.md,인사/복지제도.md,0.570329
bona/bge-m3-korean,마케팅/캠페인기획.md,인사/온보딩.md,0.504090
bona/bge-m3-korean,마케팅/캠페인기획.md,인사/조직개편.md,0.575250
bona/bge-m3-korean,마케팅/캠페인기획.md,인사/채용계획.md,0.620917
bona/bge-m3-korean,마케팅/캠페인기획.md,인사/평가제도.md,0.587835
bona/bge-m3-korean,마케팅/캠페인기획.md,재무/감사대응.md,0.635715
bona/bge-m3-korean,마케팅/캠페인기획.md,재무/예산계획.md,0.621704
bona/bge-m3-korean,마케팅/캠페인기획.md,재무/원가분석.md,0.562572
bona/bge-m3-korean,마케팅/캠페인기획.md,재무/지출보고.md,0.620871
bona/bge-m3-korean,마케팅/캠페인기획.md,재무/투자계획.md,0.556597
bona/bge-m3-korean,마케팅/캠페인기획.md,재무/회계정책.md,0.544438
bona/bge-m3-korean,마케팅/파트너십제휴.md,법무/계약검토메모.md,0.572186
bona/bge-m3-korean,마케팅/파트너십제휴.md,인사/복지제도.md,0.481613
bona/bge-m3-korean,마케팅/파트너십제휴.md,인사/온보딩.md,0.430629
bona/bge-m3-korean,마케팅/파트너십제휴.md,인사/조직개편.md,0.490184
bona/bge-m3-korean,마케팅/파트너십제휴.md,인사/채용계획.md,0.500264
bona/bge-m3-korean,마케팅/파트너십제휴.md,인사/평가제도.md,0.489318
bona/bge-m3-korean,마케팅/파트너십제휴.md,재무/감사대응.md,0.590222
bona/bge-m3-korean,마케팅/파트너십제휴.md,재무/예산계획.md,0.555220
bona/bge-m3-korean,마케팅/파트너십제휴.md,재무/원가분석.md,0.529565
bona/bge-m3-korean,마케팅/파트너십제휴.md,재무/지출보고.md,0.547084
bona/bge-m3-korean,마케팅/파트너십제휴.md,재무/투자계획.md,0.489822
bona/bge-m3-korean,마케팅/파트너십제휴.md,재무/회계정책.md,0.594862
bona/bge-m3-korean,법무/계약검토메모.md,인사/복지제도.md,0.510791
bona/bge-m3-korean,법무/계약검토메모.md,인사/온보딩.md,0.566420
bona/bge-m3-korean,법무/계약검토메모.md,인사/조직개편.md,0.554906
bona/bge-m3-korean,법무/계약검토메모.md,인사/채용계획.md,0.558586
bona/bge-m3-korean,법무/계약검토메모.md,인사/평가제도.md,0.622267
bona/bge-m3-korean,법무/계약검토메모.md,재무/감사대응.md,0.518051
bona/bge-m3-korean,법무/계약검토메모.md,재무/예산계획.md,0.534417
bona/bge-m3-korean,법무/계약검토메모.md,재무/원가분석.md,0.491936
bona/bge-m3-korean,법무/계약검토메모.md,재무/지출보고.md,0.508389
bona/bge-m3-korean,법무/계약검토메모.md,재무/투자계획.md,0.481341
bona/bge-m3-korean,법무/계약검토메모.md,재무/회계정책.md,0.581601
bona/bge-m3-korean,인사/복지제도.md,인사/온보딩.md,0.651869
bona/bge-m3-korean,인사/복지제도.md,인사/조직개편.md,0.578367
bona/bge-m3-korean,인사/복지제도.md,인사/채용계획.md,0.671795
bona/bge-m3-korean,인사/복지제도.md,인사/평가제도.md,0.706599
bona/bge-m3-korean,인사/복지제도.md,재무/감사대응.md,0.557938
bona/bge-m3-korean,인사/복지제도.md,재무/예산계획.md,0.596346
bona/bge-m3-korean,인사/복지제도.md,재무/원가분석.md,0.530036
bona/bge-m3-korean,인사/복지제도.md,재무/지출보고.md,0.614436
bona/bge-m3-korean,인사/복지제도.md,재무/투자계획.md,0.592801
bona/bge-m3-korean,인사/복지제도.md,재무/회계정책.md,0.615188
bona/bge-m3-korean,인사/온보딩.md,인사/조직개편.md,0.597913
bona/bge-m3-korean,인사/온보딩.md,인사/채용계획.md,0.715473
bona/bge-m3-korean,인사/온보딩.md,인사/평가제도.md,0.690055
bona/bge-m3-korean,인사/온보딩.md,재무/감사대응.md,0.536540
bona/bge-m3-korean,인사/온보딩.md,재무/예산계획.md,0.498952
bona/bge-m3-korean,인사/온보딩.md,재무/원가분석.md,0.489744
bona/bge-m3-korean,인사/온보딩.md,재무/지출보고.md,0.604579
bona/bge-m3-korean,인사/온보딩.md,재무/투자계획.md,0.526640
bona/bge-m3-korean,인사/온보딩.md,재무/회계정책.md,0.577410
bona/bge-m3-korean,인사/조직개편.md,인사/채용계획.md,0.753937
bona/bge-m3-korean,인사/조직개편.md,인사/평가제도.md,0.714762
bona/bge-m3-korean,인사/조직개편.md,재무/감사대응.md,0.585585
bona/bge-m3-korean,인사/조직개편.md,재무/예산계획.md,0.683272
bona/bge-m3-korean,인사/조직개편.md,재무/원가분석.md,0.600739
bona/bge-m3-korean,인사/조직개편.md,재무/지출보고.md,0.639423
bona/bge-m3-korean,인사/조직개편.md,재무/투자계획.md,0.623391
bona/bge-m3-korean,인사/조직개편.md,재무/회계정책.md,0.568809
bona/bge-m3-korean,인사/채용계획.md,인사/평가제도.md,0.760031
bona/bge-m3-korean,인사/채용계획.md,재무/감사대응.md,0.638862
bona/bge-m3-korean,인사/채용계획.md,재무/예산계획.md,0.677469
bona/bge-m3-korean,인사/채용계획.md,재무/원가분석.md,0.534746
bona/bge-m3-korean,인사/채용계획.md,재무/지출보고.md,0.631060
bona/bge-m3-korean,인사/채용계획.md,재무/투자계획.md,0.622626
bona/bge-m3-korean,인사/채용계획.md,재무/회계정책.md,0.548312
bona/bge-m3-korean,인사/평가제도.md,재무/감사대응.md,0.668910
bona/bge-m3-korean,인사/평가제도.md,재무/예산계획.md,0.663962
bona/bge-m3-korean,인사/평가제도.md,재무/원가분석.md,0.573691
bona/bge-m3-korean,인사/평가제도.md,재무/지출보고.md,0.669634
bona/bge-m3-korean,인사/평가제도.md,재무/투자계획.md,0.588124
bona/bge-m3-korean,인사/평가제도.md,재무/회계정책.md,0.637997
bona/bge-m3-korean,재무/감사대응.md,재무/예산계획.md,0.694095
bona/bge-m3-korean,재무/감사대응.md,재무/원가분석.md,0.624567
bona/bge-m3-korean,재무/감사대응.md,재무/지출보고.md,0.711151
bona/bge-m3-korean,재무/감사대응.md,재무/투자계획.md,0.616463
bona/bge-m3-korean,재무/감사대응.md,재무/회계정책.md,0.715337
bona/bge-m3-korean,재무/예산계획.md,재무/원가분석.md,0.749265
bona/bge-m3-korean,재무/예산계획.md,재무/지출보고.md,0.736812
bona/bge-m3-korean,재무/예산계획.md,재무/투자계획.md,0.720570
bona/bge-m3-korean,재무/예산계획.md,재무/회계정책.md,0.681818
bona/bge-m3-korean,재무/원가분석.md,재무/지출보고.md,0.783723
bona/bge-m3-korean,재무/원가분석.md,재무/투자계획.md,0.681114
bona/bge-m3-korean,재무/원가분석.md,재무/회계정책.md,0.577792
bona/bge-m3-korean,재무/지출보고.md,재무/투자계획.md,0.617821
bona/bge-m3-korean,재무/지출보고.md,재무/회계정책.md,0.606974
bona/bge-m3-korean,재무/투자계획.md,재무/회계정책.md,0.557768
hf.co/mykor/KURE-v1-gguf,개발/API설계.md,개발/README.md,0.549588
hf.co/mykor/KURE-v1-gguf,개발/API설계.md,개발/그래프설계.md,0.564446
hf.co/mykor/KURE-v1-gguf,개발/API설계.md,개발/벡터설계.md,0.590831
hf.co/mykor/KURE-v1-gguf,개발/API설계.md,개발/아키텍처.md,0.778426
hf.co/mykor/KURE-v1-gguf,개발/API설계.md,개발/테스트전략.md,0.604718
hf.co/mykor/KURE-v1-gguf,개발/API설계.md,기타/메모.md,0.375086
hf.co/mykor/KURE-v1-gguf,개발/API설계.md,마케팅/고객설문분석.md,0.419818
hf.co/mykor/KURE-v1-gguf,개발/API설계.md,마케팅/브랜드가이드.md,0.503292
hf.co/mykor/KURE-v1-gguf,개발/API설계.md,마케팅/소셜미디어전략.md,0.469110
hf.co/mykor/KURE-v1-gguf,개발/API설계.md,마케팅/캠페인기획.md,0.411583
hf.co/mykor/KURE-v1-gguf,개발/API설계.md,마케팅/파트너십제휴.md,0.434728
hf.co/mykor/KURE-v1-gguf,개발/API설계.md,법무/계약검토메모.md,0.406025
hf.co/mykor/KURE-v1-gguf,개발/API설계.md,인사/복지제도.md,0.387797
hf.co/mykor/KURE-v1-gguf,개발/API설계.md,인사/온보딩.md,0.510005
hf.co/mykor/KURE-v1-gguf,개발/API설계.md,인사/조직개편.md,0.505662
hf.co/mykor/KURE-v1-gguf,개발/API설계.md,인사/채용계획.md,0.443718
hf.co/mykor/KURE-v1-gguf,개발/API설계.md,인사/평가제도.md,0.414892
hf.co/mykor/KURE-v1-gguf,개발/API설계.md,재무/감사대응.md,0.411542
hf.co/mykor/KURE-v1-gguf,개발/API설계.md,재무/예산계획.md,0.405499
hf.co/mykor/KURE-v1-gguf,개발/API설계.md,재무/원가분석.md,0.434500
hf.co/mykor/KURE-v1-gguf,개발/API설계.md,재무/지출보고.md,0.394633
hf.co/mykor/KURE-v1-gguf,개발/API설계.md,재무/투자계획.md,0.514895
hf.co/mykor/KURE-v1-gguf,개발/API설계.md,재무/회계정책.md,0.452300
hf.co/mykor/KURE-v1-gguf,개발/README.md,개발/그래프설계.md,0.660693
hf.co/mykor/KURE-v1-gguf,개발/README.md,개발/벡터설계.md,0.638914
hf.co/mykor/KURE-v1-gguf,개발/README.md,개발/아키텍처.md,0.647412
hf.co/mykor/KURE-v1-gguf,개발/README.md,개발/테스트전략.md,0.626718
hf.co/mykor/KURE-v1-gguf,개발/README.md,기타/메모.md,0.433013
hf.co/mykor/KURE-v1-gguf,개발/README.md,마케팅/고객설문분석.md,0.438983
hf.co/mykor/KURE-v1-gguf,개발/README.md,마케팅/브랜드가이드.md,0.485877
hf.co/mykor/KURE-v1-gguf,개발/README.md,마케팅/소셜미디어전략.md,0.486835
hf.co/mykor/KURE-v1-gguf,개발/README.md,마케팅/캠페인기획.md,0.429057
hf.co/mykor/KURE-v1-gguf,개발/README.md,마케팅/파트너십제휴.md,0.439734
hf.co/mykor/KURE-v1-gguf,개발/README.md,법무/계약검토메모.md,0.467053
hf.co/mykor/KURE-v1-gguf,개발/README.md,인사/복지제도.md,0.446583
hf.co/mykor/KURE-v1-gguf,개발/README.md,인사/온보딩.md,0.604421
hf.co/mykor/KURE-v1-gguf,개발/README.md,인사/조직개편.md,0.589702
hf.co/mykor/KURE-v1-gguf,개발/README.md,인사/채용계획.md,0.494886
hf.co/mykor/KURE-v1-gguf,개발/README.md,인사/평가제도.md,0.503477
hf.co/mykor/KURE-v1-gguf,개발/README.md,재무/감사대응.md,0.455041
hf.co/mykor/KURE-v1-gguf,개발/README.md,재무/예산계획.md,0.502404
hf.co/mykor/KURE-v1-gguf,개발/README.md,재무/원가분석.md,0.532037
hf.co/mykor/KURE-v1-gguf,개발/README.md,재무/지출보고.md,0.523945
hf.co/mykor/KURE-v1-gguf,개발/README.md,재무/투자계획.md,0.458198
hf.co/mykor/KURE-v1-gguf,개발/README.md,재무/회계정책.md,0.491722
hf.co/mykor/KURE-v1-gguf,개발/그래프설계.md,개발/벡터설계.md,0.704538
hf.co/mykor/KURE-v1-gguf,개발/그래프설계.md,개발/아키텍처.md,0.691584
hf.co/mykor/KURE-v1-gguf,개발/그래프설계.md,개발/테스트전략.md,0.612474
hf.co/mykor/KURE-v1-gguf,개발/그래프설계.md,기타/메모.md,0.376769
hf.co/mykor/KURE-v1-gguf,개발/그래프설계.md,마케팅/고객설문분석.md,0.434074
hf.co/mykor/KURE-v1-gguf,개발/그래프설계.md,마케팅/브랜드가이드.md,0.520089
hf.co/mykor/KURE-v1-gguf,개발/그래프설계.md,마케팅/소셜미디어전략.md,0.497244
hf.co/mykor/KURE-v1-gguf,개발/그래프설계.md,마케팅/캠페인기획.md,0.396892
hf.co/mykor/KURE-v1-gguf,개발/그래프설계.md,마케팅/파트너십제휴.md,0.434461
hf.co/mykor/KURE-v1-gguf,개발/그래프설계.md,법무/계약검토메모.md,0.452952
hf.co/mykor/KURE-v1-gguf,개발/그래프설계.md,인사/복지제도.md,0.392751
hf.co/mykor/KURE-v1-gguf,개발/그래프설계.md,인사/온보딩.md,0.475191
hf.co/mykor/KURE-v1-gguf,개발/그래프설계.md,인사/조직개편.md,0.516473
hf.co/mykor/KURE-v1-gguf,개발/그래프설계.md,인사/채용계획.md,0.447276
hf.co/mykor/KURE-v1-gguf,개발/그래프설계.md,인사/평가제도.md,0.452149
hf.co/mykor/KURE-v1-gguf,개발/그래프설계.md,재무/감사대응.md,0.408072
hf.co/mykor/KURE-v1-gguf,개발/그래프설계.md,재무/예산계획.md,0.443880
hf.co/mykor/KURE-v1-gguf,개발/그래프설계.md,재무/원가분석.md,0.510311
hf.co/mykor/KURE-v1-gguf,개발/그래프설계.md,재무/지출보고.md,0.430332
hf.co/mykor/KURE-v1-gguf,개발/그래프설계.md,재무/투자계획.md,0.444468
hf.co/mykor/KURE-v1-gguf,개발/그래프설계.md,재무/회계정책.md,0.452149
hf.co/mykor/KURE-v1-gguf,개발/벡터설계.md,개발/아키텍처.md,0.690088
hf.co/mykor/KURE-v1-gguf,개발/벡터설계.md,개발/테스트전략.md,0.618312
hf.co/mykor/KURE-v1-gguf,개발/벡터설계.md,기타/메모.md,0.359311
hf.co/mykor/KURE-v1-gguf,개발/벡터설계.md,마케팅/고객설문분석.md,0.395508
hf.co/mykor/KURE-v1-gguf,개발/벡터설계.md,마케팅/브랜드가이드.md,0.439704
hf.co/mykor/KURE-v1-gguf,개발/벡터설계.md,마케팅/소셜미디어전략.md,0.446046
hf.co/mykor/KURE-v1-gguf,개발/벡터설계.md,마케팅/캠페인기획.md,0.392017
hf.co/mykor/KURE-v1-gguf,개발/벡터설계.md,마케팅/파트너십제휴.md,0.440717
hf.co/mykor/KURE-v1-gguf,개발/벡터설계.md,법무/계약검토메모.md,0.414891
hf.co/mykor/KURE-v1-gguf,개발/벡터설계.md,인사/복지제도.md,0.378774
hf.co/mykor/KURE-v1-gguf,개발/벡터설계.md,인사/온보딩.md,0.464839
hf.co/mykor/KURE-v1-gguf,개발/벡터설계.md,인사/조직개편.md,0.502002
hf.co/mykor/KURE-v1-gguf,개발/벡터설계.md,인사/채용계획.md,0.425435
hf.co/mykor/KURE-v1-gguf,개발/벡터설계.md,인사/평가제도.md,0.401184
hf.co/mykor/KURE-v1-gguf,개발/벡터설계.md,재무/감사대응.md,0.377089
hf.co/mykor/KURE-v1-gguf,개발/벡터설계.md,재무/예산계획.md,0.439757
hf.co/mykor/KURE-v1-gguf,개발/벡터설계.md,재무/원가분석.md,0.457857
hf.co/mykor/KURE-v1-gguf,개발/벡터설계.md,재무/지출보고.md,0.402587
hf.co/mykor/KURE-v1-gguf,개발/벡터설계.md,재무/투자계획.md,0.402769
hf.co/mykor/KURE-v1-gguf,개발/벡터설계.md,재무/회계정책.md,0.433967
hf.co/mykor/KURE-v1-gguf,개발/아키텍처.md,개발/테스트전략.md,0.668196
hf.co/mykor/KURE-v1-gguf,개발/아키텍처.md,기타/메모.md,0.400006
hf.co/mykor/KURE-v1-gguf,개발/아키텍처.md,마케팅/고객설문분석.md,0.358706
hf.co/mykor/KURE-v1-gguf,개발/아키텍처.md,마케팅/브랜드가이드.md,0.518571
hf.co/mykor/KURE-v1-gguf,개발/아키텍처.md,마케팅/소셜미디어전략.md,0.473905
hf.co/mykor/KURE-v1-gguf,개발/아키텍처.md,마케팅/캠페인기획.md,0.388716
hf.co/mykor/KURE-v1-gguf,개발/아키텍처.md,마케팅/파트너십제휴.md,0.392596
hf.co/mykor/KURE-v1-gguf,개발/아키텍처.md,법무/계약검토메모.md,0.409081
hf.co/mykor/KURE-v1-gguf,개발/아키텍처.md,인사/복지제도.md,0.383563
hf.co/mykor/KURE-v1-gguf,개발/아키텍처.md,인사/온보딩.md,0.513414
hf.co/mykor/KURE-v1-gguf,개발/아키텍처.md,인사/조직개편.md,0.537614
hf.co/mykor/KURE-v1-gguf,개발/아키텍처.md,인사/채용계획.md,0.448384
hf.co/mykor/KURE-v1-gguf,개발/아키텍처.md,인사/평가제도.md,0.433636
hf.co/mykor/KURE-v1-gguf,개발/아키텍처.md,재무/감사대응.md,0.363060
hf.co/mykor/KURE-v1-gguf,개발/아키텍처.md,재무/예산계획.md,0.436250
hf.co/mykor/KURE-v1-gguf,개발/아키텍처.md,재무/원가분석.md,0.462485
hf.co/mykor/KURE-v1-gguf,개발/아키텍처.md,재무/지출보고.md,0.409146
hf.co/mykor/KURE-v1-gguf,개발/아키텍처.md,재무/투자계획.md,0.434748
hf.co/mykor/KURE-v1-gguf,개발/아키텍처.md,재무/회계정책.md,0.476692
hf.co/mykor/KURE-v1-gguf,개발/테스트전략.md,기타/메모.md,0.416117
hf.co/mykor/KURE-v1-gguf,개발/테스트전략.md,마케팅/고객설문분석.md,0.451489
hf.co/mykor/KURE-v1-gguf,개발/테스트전략.md,마케팅/브랜드가이드.md,0.526070
hf.co/mykor/KURE-v1-gguf,개발/테스트전략.md,마케팅/소셜미디어전략.md,0.535333
hf.co/mykor/KURE-v1-gguf,개발/테스트전략.md,마케팅/캠페인기획.md,0.415666
hf.co/mykor/KURE-v1-gguf,개발/테스트전략.md,마케팅/파트너십제휴.md,0.419276
hf.co/mykor/KURE-v1-gguf,개발/테스트전략.md,법무/계약검토메모.md,0.452389
hf.co/mykor/KURE-v1-gguf,개발/테스트전략.md,인사/복지제도.md,0.396027
hf.co/mykor/KURE-v1-gguf,개발/테스트전략.md,인사/온보딩.md,0.497415
hf.co/mykor/KURE-v1-gguf,개발/테스트전략.md,인사/조직개편.md,0.486229
hf.co/mykor/KURE-v1-gguf,개발/테스트전략.md,인사/채용계획.md,0.462655
hf.co/mykor/KURE-v1-gguf,개발/테스트전략.md,인사/평가제도.md,0.450907
hf.co/mykor/KURE-v1-gguf,개발/테스트전략.md,재무/감사대응.md,0.442914
hf.co/mykor/KURE-v1-gguf,개발/테스트전략.md,재무/예산계획.md,0.412322
hf.co/mykor/KURE-v1-gguf,개발/테스트전략.md,재무/원가분석.md,0.418230
hf.co/mykor/KURE-v1-gguf,개발/테스트전략.md,재무/지출보고.md,0.411004
hf.co/mykor/KURE-v1-gguf,개발/테스트전략.md,재무/투자계획.md,0.414240
hf.co/mykor/KURE-v1-gguf,개발/테스트전략.md,재무/회계정책.md,0.439859
hf.co/mykor/KURE-v1-gguf,기타/메모.md,마케팅/고객설문분석.md,0.472751
hf.co/mykor/KURE-v1-gguf,기타/메모.md,마케팅/브랜드가이드.md,0.458249
hf.co/mykor/KURE-v1-gguf,기타/메모.md,마케팅/소셜미디어전략.md,0.447957
hf.co/mykor/KURE-v1-gguf,기타/메모.md,마케팅/캠페인기획.md,0.432896
hf.co/mykor/KURE-v1-gguf,기타/메모.md,마케팅/파트너십제휴.md,0.421117
hf.co/mykor/KURE-v1-gguf,기타/메모.md,법무/계약검토메모.md,0.403042
hf.co/mykor/KURE-v1-gguf,기타/메모.md,인사/복지제도.md,0.464010
hf.co/mykor/KURE-v1-gguf,기타/메모.md,인사/온보딩.md,0.486492
hf.co/mykor/KURE-v1-gguf,기타/메모.md,인사/조직개편.md,0.458597
hf.co/mykor/KURE-v1-gguf,기타/메모.md,인사/채용계획.md,0.487677
hf.co/mykor/KURE-v1-gguf,기타/메모.md,인사/평가제도.md,0.481466
hf.co/mykor/KURE-v1-gguf,기타/메모.md,재무/감사대응.md,0.518957
hf.co/mykor/KURE-v1-gguf,기타/메모.md,재무/예산계획.md,0.452602
hf.co/mykor/KURE-v1-gguf,기타/메모.md,재무/원가분석.md,0.409859
hf.co/mykor/KURE-v1-gguf,기타/메모.md,재무/지출보고.md,0.434402
hf.co/mykor/KURE-v1-gguf,기타/메모.md,재무/투자계획.md,0.439548
hf.co/mykor/KURE-v1-gguf,기타/메모.md,재무/회계정책.md,0.533945
hf.co/mykor/KURE-v1-gguf,마케팅/고객설문분석.md,마케팅/브랜드가이드.md,0.534930
hf.co/mykor/KURE-v1-gguf,마케팅/고객설문분석.md,마케팅/소셜미디어전략.md,0.661682
hf.co/mykor/KURE-v1-gguf,마케팅/고객설문분석.md,마케팅/캠페인기획.md,0.627960
hf.co/mykor/KURE-v1-gguf,마케팅/고객설문분석.md,마케팅/파트너십제휴.md,0.555590
hf.co/mykor/KURE-v1-gguf,마케팅/고객설문분석.md,법무/계약검토메모.md,0.397460
hf.co/mykor/KURE-v1-gguf,마케팅/고객설문분석.md,인사/복지제도.md,0.448530
hf.co/mykor/KURE-v1-gguf,마케팅/고객설문분석.md,인사/온보딩.md,0.465254
hf.co/mykor/KURE-v1-gguf,마케팅/고객설문분석.md,인사/조직개편.md,0.440821
hf.co/mykor/KURE-v1-gguf,마케팅/고객설문분석.md,인사/채용계획.md,0.481090
hf.co/mykor/KURE-v1-gguf,마케팅/고객설문분석.md,인사/평가제도.md,0.475675
hf.co/mykor/KURE-v1-gguf,마케팅/고객설문분석.md,재무/감사대응.md,0.519003
hf.co/mykor/KURE-v1-gguf,마케팅/고객설문분석.md,재무/예산계획.md,0.475253
hf.co/mykor/KURE-v1-gguf,마케팅/고객설문분석.md,재무/원가분석.md,0.481179
hf.co/mykor/KURE-v1-gguf,마케팅/고객설문분석.md,재무/지출보고.md,0.509990
hf.co/mykor/KURE-v1-gguf,마케팅/고객설문분석.md,재무/투자계획.md,0.459524
hf.co/mykor/KURE-v1-gguf,마케팅/고객설문분석.md,재무/회계정책.md,0.428817
hf.co/mykor/KURE-v1-gguf,마케팅/브랜드가이드.md,마케팅/소셜미디어전략.md,0.684280
hf.co/mykor/KURE-v1-gguf,마케팅/브랜드가이드.md,마케팅/캠페인기획.md,0.632401
hf.co/mykor/KURE-v1-gguf,마케팅/브랜드가이드.md,마케팅/파트너십제휴.md,0.633503
hf.co/mykor/KURE-v1-gguf,마케팅/브랜드가이드.md,법무/계약검토메모.md,0.519716
hf.co/mykor/KURE-v1-gguf,마케팅/브랜드가이드.md,인사/복지제도.md,0.442745
hf.co/mykor/KURE-v1-gguf,마케팅/브랜드가이드.md,인사/온보딩.md,0.498004
hf.co/mykor/KURE-v1-gguf,마케팅/브랜드가이드.md,인사/조직개편.md,0.467357
hf.co/mykor/KURE-v1-gguf,마케팅/브랜드가이드.md,인사/채용계획.md,0.439847
hf.co/mykor/KURE-v1-gguf,마케팅/브랜드가이드.md,인사/평가제도.md,0.471289
hf.co/mykor/KURE-v1-gguf,마케팅/브랜드가이드.md,재무/감사대응.md,0.463375
hf.co/mykor/KURE-v1-gguf,마케팅/브랜드가이드.md,재무/예산계획.md,0.465117
hf.co/mykor/KURE-v1-gguf,마케팅/브랜드가이드.md,재무/원가분석.md,0.412407
hf.co/mykor/KURE-v1-gguf,마케팅/브랜드가이드.md,재무/지출보고.md,0.431712
hf.co/mykor/KURE-v1-gguf,마케팅/브랜드가이드.md,재무/투자계획.md,0.408114
hf.co/mykor/KURE-v1-gguf,마케팅/브랜드가이드.md,재무/회계정책.md,0.568602
hf.co/mykor/KURE-v1-gguf,마케팅/소셜미디어전략.md,마케팅/캠페인기획.md,0.668238
hf.co/mykor/KURE-v1-gguf,마케팅/소셜미디어전략.md,마케팅/파트너십제휴.md,0.656750
hf.co/mykor/KURE-v1-gguf,마케팅/소셜미디어전략.md,법무/계약검토메모.md,0.413152
hf.co/mykor/KURE-v1-gguf,마케팅/소셜미디어전략.md,인사/복지제도.md,0.472437
hf.co/mykor/KURE-v1-gguf,마케팅/소셜미디어전략.md,인사/온보딩.md,0.524717
hf.co/mykor/KURE-v1-gguf,마케팅/소셜미디어전략.md,인사/조직개편.md,0.479562
hf.co/mykor/KURE-v1-gguf,마케팅/소셜미디어전략.md,인사/채용계획.md,0.467493
hf.co/mykor/KURE-v1-gguf,마케팅/소셜미디어전략.md,인사/평가제도.md,0.474075
hf.co/mykor/KURE-v1-gguf,마케팅/소셜미디어전략.md,재무/감사대응.md,0.490378
hf.co/mykor/KURE-v1-gguf,마케팅/소셜미디어전략.md,재무/예산계획.md,0.488168
hf.co/mykor/KURE-v1-gguf,마케팅/소셜미디어전략.md,재무/원가분석.md,0.450876
hf.co/mykor/KURE-v1-gguf,마케팅/소셜미디어전략.md,재무/지출보고.md,0.480200
hf.co/mykor/KURE-v1-gguf,마케팅/소셜미디어전략.md,재무/투자계획.md,0.433953
hf.co/mykor/KURE-v1-gguf,마케팅/소셜미디어전략.md,재무/회계정책.md,0.541200
hf.co/mykor/KURE-v1-gguf,마케팅/캠페인기획.md,마케팅/파트너십제휴.md,0.742637
hf.co/mykor/KURE-v1-gguf,마케팅/캠페인기획.md,법무/계약검토메모.md,0.420875
hf.co/mykor/KURE-v1-gguf,마케팅/캠페인기획.md,인사/복지제도.md,0.510638
hf.co/mykor/KURE-v1-gguf,마케팅/캠페인기획.md,인사/온보딩.md,0.505930
hf.co/mykor/KURE-v1-gguf,마케팅/캠페인기획.md,인사/조직개편.md,0.571364
hf.co/mykor/KURE-v1-gguf,마케팅/캠페인기획.md,인사/채용계획.md,0.559749
hf.co/mykor/KURE-v1-gguf,마케팅/캠페인기획.md,인사/평가제도.md,0.520594
hf.co/mykor/KURE-v1-gguf,마케팅/캠페인기획.md,재무/감사대응.md,0.574967
hf.co/mykor/KURE-v1-gguf,마케팅/캠페인기획.md,재무/예산계획.md,0.616875
hf.co/mykor/KURE-v1-gguf,마케팅/캠페인기획.md,재무/원가분석.md,0.536620
hf.co/mykor/KURE-v1-gguf,마케팅/캠페인기획.md,재무/지출보고.md,0.621465
hf.co/mykor/KURE-v1-gguf,마케팅/캠페인기획.md,재무/투자계획.md,0.544315
hf.co/mykor/KURE-v1-gguf,마케팅/캠페인기획.md,재무/회계정책.md,0.495720
hf.co/mykor/KURE-v1-gguf,마케팅/파트너십제휴.md,법무/계약검토메모.md,0.490941
hf.co/mykor/KURE-v1-gguf,마케팅/파트너십제휴.md,인사/복지제도.md,0.438708
hf.co/mykor/KURE-v1-gguf,마케팅/파트너십제휴.md,인사/온보딩.md,0.432103
hf.co/mykor/KURE-v1-gguf,마케팅/파트너십제휴.md,인사/조직개편.md,0.486192
hf.co/mykor/KURE-v1-gguf,마케팅/파트너십제휴.md,인사/채용계획.md,0.432003
hf.co/mykor/KURE-v1-gguf,마케팅/파트너십제휴.md,인사/평가제도.md,0.440738
hf.co/mykor/KURE-v1-gguf,마케팅/파트너십제휴.md,재무/감사대응.md,0.538814
hf.co/mykor/KURE-v1-gguf,마케팅/파트너십제휴.md,재무/예산계획.md,0.542066
hf.co/mykor/KURE-v1-gguf,마케팅/파트너십제휴.md,재무/원가분석.md,0.480782
hf.co/mykor/KURE-v1-gguf,마케팅/파트너십제휴.md,재무/지출보고.md,0.508428
hf.co/mykor/KURE-v1-gguf,마케팅/파트너십제휴.md,재무/투자계획.md,0.480784
hf.co/mykor/KURE-v1-gguf,마케팅/파트너십제휴.md,재무/회계정책.md,0.551881
hf.co/mykor/KURE-v1-gguf,법무/계약검토메모.md,인사/복지제도.md,0.410681
hf.co/mykor/KURE-v1-gguf,법무/계약검토메모.md,인사/온보딩.md,0.492746
hf.co/mykor/KURE-v1-gguf,법무/계약검토메모.md,인사/조직개편.md,0.466923
hf.co/mykor/KURE-v1-gguf,법무/계약검토메모.md,인사/채용계획.md,0.449770
hf.co/mykor/KURE-v1-gguf,법무/계약검토메모.md,인사/평가제도.md,0.528339
hf.co/mykor/KURE-v1-gguf,법무/계약검토메모.md,재무/감사대응.md,0.469198
hf.co/mykor/KURE-v1-gguf,법무/계약검토메모.md,재무/예산계획.md,0.497857
hf.co/mykor/KURE-v1-gguf,법무/계약검토메모.md,재무/원가분석.md,0.414804
hf.co/mykor/KURE-v1-gguf,법무/계약검토메모.md,재무/지출보고.md,0.461396
hf.co/mykor/KURE-v1-gguf,법무/계약검토메모.md,재무/투자계획.md,0.436939
hf.co/mykor/KURE-v1-gguf,법무/계약검토메모.md,재무/회계정책.md,0.512470
hf.co/mykor/KURE-v1-gguf,인사/복지제도.md,인사/온보딩.md,0.652682
hf.co/mykor/KURE-v1-gguf,인사/복지제도.md,인사/조직개편.md,0.524141
hf.co/mykor/KURE-v1-gguf,인사/복지제도.md,인사/채용계획.md,0.630780
hf.co/mykor/KURE-v1-gguf,인사/복지제도.md,인사/평가제도.md,0.660441
hf.co/mykor/KURE-v1-gguf,인사/복지제도.md,재무/감사대응.md,0.513675
hf.co/mykor/KURE-v1-gguf,인사/복지제도.md,재무/예산계획.md,0.568832
hf.co/mykor/KURE-v1-gguf,인사/복지제도.md,재무/원가분석.md,0.416931
hf.co/mykor/KURE-v1-gguf,인사/복지제도.md,재무/지출보고.md,0.539744
hf.co/mykor/KURE-v1-gguf,인사/복지제도.md,재무/투자계획.md,0.521169
hf.co/mykor/KURE-v1-gguf,인사/복지제도.md,재무/회계정책.md,0.536303
hf.co/mykor/KURE-v1-gguf,인사/온보딩.md,인사/조직개편.md,0.595725
hf.co/mykor/KURE-v1-gguf,인사/온보딩.md,인사/채용계획.md,0.690220
hf.co/mykor/KURE-v1-gguf,인사/온보딩.md,인사/평가제도.md,0.670761
hf.co/mykor/KURE-v1-gguf,인사/온보딩.md,재무/감사대응.md,0.530158
hf.co/mykor/KURE-v1-gguf,인사/온보딩.md,재무/예산계획.md,0.530986
hf.co/mykor/KURE-v1-gguf,인사/온보딩.md,재무/원가분석.md,0.424119
hf.co/mykor/KURE-v1-gguf,인사/온보딩.md,재무/지출보고.md,0.590872
hf.co/mykor/KURE-v1-gguf,인사/온보딩.md,재무/투자계획.md,0.496573
hf.co/mykor/KURE-v1-gguf,인사/온보딩.md,재무/회계정책.md,0.554752
hf.co/mykor/KURE-v1-gguf,인사/조직개편.md,인사/채용계획.md,0.713313
hf.co/mykor/KURE-v1-gguf,인사/조직개편.md,인사/평가제도.md,0.650148
hf.co/mykor/KURE-v1-gguf,인사/조직개편.md,재무/감사대응.md,0.542349
hf.co/mykor/KURE-v1-gguf,인사/조직개편.md,재무/예산계획.md,0.685245
hf.co/mykor/KURE-v1-gguf,인사/조직개편.md,재무/원가분석.md,0.604901
hf.co/mykor/KURE-v1-gguf,인사/조직개편.md,재무/지출보고.md,0.649835
hf.co/mykor/KURE-v1-gguf,인사/조직개편.md,재무/투자계획.md,0.576718
hf.co/mykor/KURE-v1-gguf,인사/조직개편.md,재무/회계정책.md,0.522401
hf.co/mykor/KURE-v1-gguf,인사/채용계획.md,인사/평가제도.md,0.729894
hf.co/mykor/KURE-v1-gguf,인사/채용계획.md,재무/감사대응.md,0.609567
hf.co/mykor/KURE-v1-gguf,인사/채용계획.md,재무/예산계획.md,0.635775
hf.co/mykor/KURE-v1-gguf,인사/채용계획.md,재무/원가분석.md,0.468165
hf.co/mykor/KURE-v1-gguf,인사/채용계획.md,재무/지출보고.md,0.626614
hf.co/mykor/KURE-v1-gguf,인사/채용계획.md,재무/투자계획.md,0.550039
hf.co/mykor/KURE-v1-gguf,인사/채용계획.md,재무/회계정책.md,0.466012
hf.co/mykor/KURE-v1-gguf,인사/평가제도.md,재무/감사대응.md,0.623717
hf.co/mykor/KURE-v1-gguf,인사/평가제도.md,재무/예산계획.md,0.603584
hf.co/mykor/KURE-v1-gguf,인사/평가제도.md,재무/원가분석.md,0.479641
hf.co/mykor/KURE-v1-gguf,인사/평가제도.md,재무/지출보고.md,0.640974
hf.co/mykor/KURE-v1-gguf,인사/평가제도.md,재무/투자계획.md,0.532308
hf.co/mykor/KURE-v1-gguf,인사/평가제도.md,재무/회계정책.md,0.565594
hf.co/mykor/KURE-v1-gguf,재무/감사대응.md,재무/예산계획.md,0.629176
hf.co/mykor/KURE-v1-gguf,재무/감사대응.md,재무/원가분석.md,0.580299
hf.co/mykor/KURE-v1-gguf,재무/감사대응.md,재무/지출보고.md,0.690554
hf.co/mykor/KURE-v1-gguf,재무/감사대응.md,재무/투자계획.md,0.568739
hf.co/mykor/KURE-v1-gguf,재무/감사대응.md,재무/회계정책.md,0.678323
hf.co/mykor/KURE-v1-gguf,재무/예산계획.md,재무/원가분석.md,0.729503
hf.co/mykor/KURE-v1-gguf,재무/예산계획.md,재무/지출보고.md,0.741453
hf.co/mykor/KURE-v1-gguf,재무/예산계획.md,재무/투자계획.md,0.691430
hf.co/mykor/KURE-v1-gguf,재무/예산계획.md,재무/회계정책.md,0.679528
hf.co/mykor/KURE-v1-gguf,재무/원가분석.md,재무/지출보고.md,0.722411
hf.co/mykor/KURE-v1-gguf,재무/원가분석.md,재무/투자계획.md,0.690515
hf.co/mykor/KURE-v1-gguf,재무/원가분석.md,재무/회계정책.md,0.503910
hf.co/mykor/KURE-v1-gguf,재무/지출보고.md,재무/투자계획.md,0.650854
hf.co/mykor/KURE-v1-gguf,재무/지출보고.md,재무/회계정책.md,0.538904
hf.co/mykor/KURE-v1-gguf,재무/투자계획.md,재무/회계정책.md,0.496983
